RIR,Country Code,ASN Number,Allocated Date
afrinic,ZA,AS1228,19910301
afrinic,ZA,AS1229,19910301
afrinic,ZA,AS1230,19910301
afrinic,ZA,AS1231,19910301
afrinic,ZA,AS1232,19910301
afrinic,ZA,AS2018,20010307
afrinic,EG,AS2561,20070920
afrinic,ZA,AS2905,19930910
afrinic,ZA,AS3067,19931029
afrinic,ZA,AS3068,19931029
afrinic,DZ,AS3208,20090928
afrinic,ZA,AS3741,19940801
afrinic,ZA,AS4178,20120307
afrinic,ZA,AS4571,20010626
afrinic,MU,AS5536,20231122
afrinic,ZA,AS5713,19950906
afrinic,ZA,AS5734,19950913
afrinic,ZA,AS6083,19951108
afrinic,ZA,AS6089,20151211
afrinic,EG,AS6127,20070920
afrinic,ZA,AS6149,20010307
afrinic,ZA,AS6180,19951221
afrinic,ZA,AS6187,19840101
afrinic,ZA,AS6351,20151211
afrinic,ZA,AS6529,19960517
afrinic,ZA,AS6560,19960523
afrinic,MA,AS6713,20070920
afrinic,EG,AS6879,19961216
afrinic,ZA,AS6968,19960710
afrinic,ZA,AS7020,19960730
afrinic,ZA,AS7154,19960923
afrinic,ZA,AS7231,19961014
afrinic,ZA,AS7390,19961127
afrinic,ZM,AS7420,19961206
afrinic,ZA,AS7460,19961218
afrinic,ZA,AS7971,19970307
afrinic,ZA,AS7972,19970307
afrinic,ZA,AS8094,19970409
afrinic,EG,AS8524,20070920
afrinic,ZZ,AS8770,
afrinic,ZA,AS9129,20070920
afrinic,ZA,AS10247,19970523
afrinic,ZA,AS10262,19970528
afrinic,ZA,AS10331,20110815
afrinic,ZA,AS10393,20151211
afrinic,ZA,AS10474,20151211
afrinic,ZA,AS10505,19970828
afrinic,ZA,AS10540,19970909
afrinic,ZA,AS10575,19970919
afrinic,ZA,AS10798,19971201
afrinic,ZA,AS10803,19971202
afrinic,ZA,AS10898,19971219
afrinic,ZA,AS11125,19980417
afrinic,ZA,AS11157,19980429
afrinic,ZZ,AS11201,
afrinic,AO,AS11259,19980604
afrinic,ZZ,AS11265,
afrinic,ZZ,AS11380,
afrinic,ZA,AS11569,19981007
afrinic,ZA,AS11645,19981102
afrinic,ZA,AS11744,19981204
afrinic,ZA,AS11845,19990114
afrinic,ZZ,AS11909,
afrinic,ZA,AS12091,20020621
afrinic,TZ,AS12143,19990405
afrinic,ZA,AS12258,20151211
afrinic,KE,AS12455,20070917
afrinic,KE,AS12556,20090115
afrinic,ZZ,AS13224,
afrinic,ZZ,AS13402,
afrinic,ZZ,AS13519,
afrinic,ZZ,AS13569,
afrinic,ZA,AS13854,19990827
afrinic,ZZ,AS14029,
afrinic,ZA,AS14115,19991022
afrinic,ZA,AS14331,19991130
afrinic,ZZ,AS14429,
afrinic,ZA,AS14516,19991228
afrinic,BW,AS14988,20000302
afrinic,ZA,AS15022,20000309
afrinic,ZZ,AS15159,
afrinic,KE,AS15399,20070919
afrinic,EG,AS15475,20070921
afrinic,SD,AS15706,20070919
afrinic,ZZ,AS15804,
afrinic,GH,AS15825,20070919
afrinic,ZZ,AS15834,
afrinic,CM,AS15964,20070920
afrinic,GA,AS16058,20070920
afrinic,DZ,AS16214,20071226
afrinic,NG,AS16284,20070920
afrinic,ZZ,AS16416,
afrinic,ZZ,AS16547,
afrinic,ZZ,AS16630,
afrinic,ZA,AS16637,20070920
afrinic,ZA,AS16800,20000612
afrinic,ZZ,AS16853,
afrinic,KE,AS16907,20070927
afrinic,ZA,AS17148,20000731
afrinic,ZZ,AS17220,
afrinic,ZZ,AS17260,
afrinic,ZZ,AS17312,
afrinic,AO,AS17400,20000828
afrinic,MU,AS17652,20041105
afrinic,ZZ,AS18775,
afrinic,ZW,AS18922,20001027
afrinic,ZA,AS18931,20001030
afrinic,ZZ,AS19136,
afrinic,ZA,AS19232,20001206
afrinic,MU,AS19676,20150202
afrinic,SZ,AS19711,20101124
afrinic,ZA,AS19832,19971016
afrinic,ZZ,AS19847,
afrinic,ZA,AS20011,20010314
afrinic,ZZ,AS20086,
afrinic,ZZ,AS20095,
afrinic,SC,AS20180,20140402
afrinic,UG,AS20294,20090928
afrinic,NA,AS20459,20010510
afrinic,ZZ,AS20484,
afrinic,EG,AS20858,20070920
afrinic,EG,AS20928,20070920
afrinic,LY,AS21003,20090125
afrinic,ZZ,AS21152,
afrinic,SC,AS21242,20131224
afrinic,ML,AS21271,20070920
afrinic,ZZ,AS21278,
afrinic,MU,AS21280,20150202
afrinic,DZ,AS21391,20070920
afrinic,ZZ,AS21452,
afrinic,ZA,AS21739,20140124
afrinic,ZZ,AS21819,
afrinic,TZ,AS22354,20010914
afrinic,ZA,AS22355,20010914
afrinic,ZA,AS22386,20010920
afrinic,ZA,AS22572,20011016
afrinic,RW,AS22690,20131202
afrinic,NA,AS22735,20130211
afrinic,ZA,AS22750,20011115
afrinic,ZZ,AS22939,
afrinic,ZA,AS23058,20020110
afrinic,UG,AS23549,20090928
afrinic,MU,AS23889,20040910
afrinic,EG,AS24736,20070920
afrinic,ET,AS24757,20070920
afrinic,ZA,AS24788,20070920
afrinic,ZZ,AS24801,
afrinic,EG,AS24835,20070920
afrinic,EG,AS24863,20070920
afrinic,EG,AS24878,20070920
afrinic,EG,AS24987,20070920
afrinic,NG,AS25163,20050309
afrinic,GM,AS25250,20070920
afrinic,ZZ,AS25362,
afrinic,EG,AS25364,20070920
afrinic,BF,AS25543,20070920
afrinic,ZZ,AS25568,
afrinic,EG,AS25576,20070920
afrinic,LS,AS25695,20020419
afrinic,ZA,AS25726,20140116
afrinic,ZA,AS25793,20150505
afrinic,ZA,AS25818,20100210
afrinic,ZA,AS26106,20020708
afrinic,NE,AS26130,20131129
afrinic,ZA,AS26422,20020915
afrinic,ZZ,AS26625,
afrinic,ZZ,AS26754,
afrinic,ZW,AS27576,20030403
afrinic,ZA,AS27598,20070920
afrinic,BJ,AS28683,20100311
afrinic,ZA,AS28698,20070920
afrinic,ZZ,AS28913,
afrinic,NG,AS29091,20070920
afrinic,ZZ,AS29338,
afrinic,GH,AS29340,20090114
afrinic,EG,AS29428,20070920
afrinic,ZZ,AS29495,
afrinic,MR,AS29544,20120621
afrinic,CI,AS29571,20171229
afrinic,GH,AS29614,20070920
afrinic,GH,AS29674,20070920
afrinic,ZA,AS29918,20030609
afrinic,ZA,AS29975,20030618
afrinic,ZZ,AS30073,
afrinic,ZZ,AS30306,
afrinic,ZZ,AS30429,
afrinic,MZ,AS30619,20031120
afrinic,KE,AS30896,20090928
afrinic,ZZ,AS30980,
afrinic,TG,AS30982,20140124
afrinic,MA,AS30983,20040521
afrinic,NG,AS30984,20050125
afrinic,ML,AS30985,20040609
afrinic,GH,AS30986,20040614
afrinic,ER,AS30987,20040621
afrinic,NG,AS30988,20040701
afrinic,ZZ,AS30989,
afrinic,DJ,AS30990,20040908
afrinic,ZZ,AS30991,
afrinic,CM,AS30992,20100212
afrinic,EG,AS30993,20041222
afrinic,KE,AS30994,20050124
afrinic,EG,AS30995,20050202
afrinic,ZZ,AS30996,
afrinic,GH,AS30997,20050308
afrinic,NG,AS30998,20050309
afrinic,MU,AS30999,20050322
afrinic,EG,AS31065,20070920
afrinic,TN,AS31245,20070920
afrinic,EG,AS31619,20070920
afrinic,TZ,AS31810,20031230
afrinic,ZW,AS31856,20120307
afrinic,MZ,AS31960,20040130
afrinic,MZ,AS32017,20040210
afrinic,BW,AS32279,20050915
afrinic,SZ,AS32398,20040427
afrinic,ZA,AS32437,20040503
afrinic,ZA,AS32653,20040623
afrinic,ZA,AS32714,20040708
afrinic,AO,AS32717,20040709
afrinic,ZZ,AS32842,
afrinic,TZ,AS32860,20040810
afrinic,LS,AS33567,20050124
afrinic,ZA,AS33579,20050126
afrinic,ZA,AS33762,20040929
afrinic,MU,AS33763,20041029
afrinic,MU,AS33764,20041102
afrinic,TZ,AS33765,20090129
afrinic,ZA,AS33766,20050119
afrinic,LS,AS33767,20050125
afrinic,MU,AS33768,20050127
afrinic,ZA,AS33769,20050131
afrinic,KE,AS33770,20050324
afrinic,KE,AS33771,20050411
afrinic,ZZ,AS33772,
afrinic,MW,AS33773,20050504
afrinic,DZ,AS33774,20050506
afrinic,ZZ,AS33775,
afrinic,ZZ,AS33776,
afrinic,EG,AS33777,20091118
afrinic,EG,AS33778,20050606
afrinic,DZ,AS33779,20050608
afrinic,ZZ,AS33780,
afrinic,BW,AS33781,20050706
afrinic,EG,AS33782,20050711
afrinic,ZZ,AS33783,
afrinic,ZA,AS33784,20050714
afrinic,EG,AS33785,20050714
afrinic,GH,AS33786,20050725
afrinic,ZZ,AS33787,
afrinic,SD,AS33788,20100216
afrinic,EG,AS33789,20050725
afrinic,ZA,AS33790,20150122
afrinic,TZ,AS33791,20050802
afrinic,ML,AS36864,20050808
afrinic,MZ,AS36865,20050808
afrinic,KE,AS36866,20050809
afrinic,SC,AS36867,20050818
afrinic,MU,AS36868,20160229
afrinic,ZZ,AS36869,
afrinic,EG,AS36870,20050829
afrinic,MU,AS36871,20051004
afrinic,NG,AS36872,20130531
afrinic,NG,AS36873,20051024
afrinic,ZA,AS36874,20051025
afrinic,ZA,AS36875,20051031
afrinic,UG,AS36876,20051102
afrinic,MU,AS36877,20051109
afrinic,ZZ,AS36878,
afrinic,ZZ,AS36879,
afrinic,ZZ,AS36880,
afrinic,AO,AS36881,20051207
afrinic,ZZ,AS36882,
afrinic,ZZ,AS36883,
afrinic,MA,AS36884,20071228
afrinic,EG,AS36885,20060104
afrinic,KE,AS36886,20160920
afrinic,NG,AS36887,20060116
afrinic,ZZ,AS36888,
afrinic,ZA,AS36889,20060131
afrinic,RW,AS36890,20060206
afrinic,DZ,AS36891,20060214
afrinic,SS,AS36892,20150713
afrinic,ZZ,AS36893,
afrinic,MU,AS36894,20060313
afrinic,ZZ,AS36895,
afrinic,ZZ,AS36896,
afrinic,ZZ,AS36897,
afrinic,ZA,AS36898,20120810
afrinic,ZZ,AS36899,
afrinic,ZZ,AS36900,
afrinic,UG,AS36901,20060428
afrinic,SC,AS36902,20060504
afrinic,MA,AS36903,20060523
afrinic,KE,AS36904,20121005
afrinic,CM,AS36905,20060601
afrinic,EG,AS36906,20060607
afrinic,AO,AS36907,20060609
afrinic,TZ,AS36908,20060801
afrinic,TZ,AS36909,20060801
afrinic,ZA,AS36910,20141110
afrinic,NG,AS36911,20060804
afrinic,CM,AS36912,20060808
afrinic,MW,AS36913,20151029
afrinic,KE,AS36914,20060915
afrinic,KE,AS36915,20080312
afrinic,ZA,AS36916,20060928
afrinic,AO,AS36917,20061012
afrinic,ZZ,AS36918,
afrinic,ZZ,AS36919,
afrinic,NG,AS36920,20061031
afrinic,NG,AS36921,20061107
afrinic,NG,AS36922,20061115
afrinic,NG,AS36923,20061115
afrinic,CI,AS36924,20160620
afrinic,MA,AS36925,20061128
afrinic,KE,AS36926,20061204
afrinic,ZZ,AS36927,
afrinic,ZZ,AS36928,
afrinic,EG,AS36929,20061213
afrinic,TZ,AS36930,20061218
afrinic,ZZ,AS36931,
afrinic,NG,AS36932,20070116
afrinic,NG,AS36933,20070122
afrinic,RW,AS36934,20190226
afrinic,EG,AS36935,20070202
afrinic,AO,AS36936,20121217
afrinic,ZA,AS36937,20070222
afrinic,NG,AS36938,20120612
afrinic,KM,AS36939,20070319
afrinic,NG,AS36940,20160816
afrinic,MA,AS36941,20070327
afrinic,MU,AS36942,20150202
afrinic,ZA,AS36943,20180924
afrinic,MW,AS36944,20070420
afrinic,MZ,AS36945,20070423
afrinic,CI,AS36946,20070424
afrinic,DZ,AS36947,20070427
afrinic,KE,AS36948,20070427
afrinic,ZZ,AS36949,
afrinic,ZZ,AS36950,
afrinic,ZA,AS36951,20070518
afrinic,ZZ,AS36952,
afrinic,ZA,AS36953,20070521
afrinic,ZZ,AS36954,
afrinic,CM,AS36955,20201029
afrinic,MA,AS36956,20070606
afrinic,NG,AS36957,20070626
afrinic,SC,AS36958,20070628
afrinic,ZM,AS36959,20070702
afrinic,ZA,AS36960,20070710
afrinic,ZZ,AS36961,
afrinic,ZM,AS36962,20070716
afrinic,BW,AS36963,20070717
afrinic,ZZ,AS36964,
afrinic,TZ,AS36965,20070719
afrinic,ZZ,AS36966,
afrinic,KE,AS36967,20070806
afrinic,ZA,AS36968,20070809
afrinic,MW,AS36969,20070810
afrinic,NG,AS36970,20070822
afrinic,EG,AS36971,20070824
afrinic,SD,AS36972,20090113
afrinic,ZZ,AS36973,
afrinic,CI,AS36974,20141006
afrinic,KE,AS36975,20210520
afrinic,AO,AS36976,20070918
afrinic,UG,AS36977,20140213
afrinic,EG,AS36978,20070925
afrinic,ZZ,AS36979,
afrinic,ZA,AS36980,20071004
afrinic,ZZ,AS36981,
afrinic,ZA,AS36982,20071017
afrinic,ZA,AS36983,20071023
afrinic,ZZ,AS36984,
afrinic,ZA,AS36985,20071105
afrinic,ZW,AS36986,20071106
afrinic,KE,AS36987,20071116
afrinic,SL,AS36988,20090123
afrinic,ZZ,AS36989,
afrinic,EG,AS36990,20110204
afrinic,UG,AS36991,20071204
afrinic,EG,AS36992,20071210
afrinic,NG,AS36993,20071210
afrinic,ZA,AS36994,20071213
afrinic,CI,AS36995,20071217
afrinic,NA,AS36996,20071220
afrinic,UG,AS36997,20071228
afrinic,SD,AS36998,20071228
afrinic,NA,AS36999,20080108
afrinic,ZZ,AS37000,
afrinic,NG,AS37001,20080109
afrinic,RE,AS37002,20080115
afrinic,EG,AS37003,20080116
afrinic,NG,AS37004,20161115
afrinic,NG,AS37005,20080206
afrinic,RW,AS37006,20080215
afrinic,ZA,AS37007,20080219
afrinic,BF,AS37008,20080304
afrinic,NA,AS37009,20080313
afrinic,RW,AS37010,20230901
afrinic,AO,AS37011,20080314
afrinic,GH,AS37012,20080318
afrinic,TZ,AS37013,20080318
afrinic,BW,AS37014,20080401
afrinic,ZZ,AS37015,
afrinic,ZA,AS37016,20080401
afrinic,ZA,AS37017,20180918
afrinic,NG,AS37018,20080418
afrinic,KE,AS37019,20080514
afrinic,CD,AS37020,20080523
afrinic,ZZ,AS37021,
afrinic,ZZ,AS37022,
afrinic,ZZ,AS37023,
afrinic,ZW,AS37024,20120307
afrinic,NG,AS37025,20080708
afrinic,NA,AS37026,20080708
afrinic,TZ,AS37027,20080710
afrinic,ZA,AS37028,20080716
afrinic,ZZ,AS37029,
afrinic,GH,AS37030,20080722
afrinic,EG,AS37031,20080722
afrinic,GH,AS37032,20080724
afrinic,ZZ,AS37033,
afrinic,ZZ,AS37034,
afrinic,TZ,AS37035,20080801
afrinic,AO,AS37036,20080801
afrinic,MG,AS37037,20080804
afrinic,NE,AS37038,20200901
afrinic,ZZ,AS37039,
afrinic,ZZ,AS37040,
afrinic,ZZ,AS37041,
afrinic,MZ,AS37042,20080812
afrinic,ZZ,AS37043,
afrinic,KE,AS37044,20080813
afrinic,TZ,AS37045,20080818
afrinic,MU,AS37046,20080821
afrinic,ZZ,AS37047,
afrinic,ZZ,AS37048,
afrinic,ZA,AS37049,20080821
afrinic,ZZ,AS37050,
afrinic,BW,AS37051,20080905
afrinic,KE,AS37052,20080917
afrinic,ZA,AS37053,20080917
afrinic,MG,AS37054,20190208
afrinic,ZA,AS37055,20080923
afrinic,NG,AS37056,20080925
afrinic,LS,AS37057,20080925
afrinic,NG,AS37058,20080929
afrinic,AO,AS37059,20080929
afrinic,ZA,AS37060,20080930
afrinic,KE,AS37061,20081017
afrinic,AO,AS37062,20081021
afrinic,UG,AS37063,20081023
afrinic,MZ,AS37064,20081028
afrinic,ZZ,AS37065,
afrinic,EG,AS37066,20081111
afrinic,GN,AS37067,20161202
afrinic,ZZ,AS37068,
afrinic,EG,AS37069,20081112
afrinic,ZA,AS37070,20081112
afrinic,ZZ,AS37071,
afrinic,ZA,AS37072,20100210
afrinic,BF,AS37073,20081114
afrinic,GH,AS37074,20081121
afrinic,UG,AS37075,20081125
afrinic,NG,AS37076,20140814
afrinic,NG,AS37077,20081201
afrinic,ZA,AS37078,20081218
afrinic,ZA,AS37079,20081220
afrinic,ZZ,AS37080,
afrinic,AO,AS37081,20081230
afrinic,ZZ,AS37082,
afrinic,ZZ,AS37083,
afrinic,TZ,AS37084,20090121
afrinic,TZ,AS37085,20090127
afrinic,ZZ,AS37086,
afrinic,GH,AS37087,20090211
afrinic,NG,AS37088,20090219
afrinic,CM,AS37089,20090220
afrinic,BJ,AS37090,20090302
afrinic,EG,AS37091,20171229
afrinic,ZZ,AS37092,
afrinic,ZZ,AS37093,
afrinic,LR,AS37094,20180821
afrinic,ZZ,AS37095,
afrinic,MU,AS37096,20090421
afrinic,ZZ,AS37097,
afrinic,MW,AS37098,20090506
afrinic,ZZ,AS37099,
afrinic,MU,AS37100,20090528
afrinic,ZZ,AS37101,
afrinic,CD,AS37102,20090602
afrinic,ZZ,AS37103,
afrinic,NG,AS37104,20090611
afrinic,ZA,AS37105,20090615
afrinic,NG,AS37106,20090618
afrinic,TN,AS37107,20090622
afrinic,ML,AS37108,20090623
afrinic,KE,AS37109,20090626
afrinic,MZ,AS37110,20090626
afrinic,ZZ,AS37111,
afrinic,EG,AS37112,20090706
afrinic,UG,AS37113,20090707
afrinic,ZA,AS37114,20090709
afrinic,ZZ,AS37115,
afrinic,ZA,AS37116,20090717
afrinic,SL,AS37117,20090717
afrinic,ZA,AS37118,20090721
afrinic,AO,AS37119,20090727
afrinic,ZZ,AS37120,
afrinic,ZA,AS37121,20151209
afrinic,UG,AS37122,20090729
afrinic,ZW,AS37123,20090731
afrinic,RW,AS37124,20090805
afrinic,NG,AS37125,20090806
afrinic,TZ,AS37126,20090813
afrinic,NG,AS37127,20090814
afrinic,ZZ,AS37128,
afrinic,KE,AS37129,20090819
afrinic,ZA,AS37130,20090821
afrinic,ZZ,AS37131,
afrinic,ZZ,AS37132,
afrinic,TZ,AS37133,20090825
afrinic,ZZ,AS37134,
afrinic,ZZ,AS37135,
afrinic,BJ,AS37136,20090826
afrinic,KE,AS37137,20090827
afrinic,ZA,AS37138,20090827
afrinic,MZ,AS37139,20090827
afrinic,GH,AS37140,20090827
afrinic,GN,AS37141,20090831
afrinic,ZZ,AS37142,
afrinic,TZ,AS37143,20090902
afrinic,NG,AS37144,20090902
afrinic,ZA,AS37145,20090904
afrinic,ZM,AS37146,20090914
afrinic,AO,AS37147,20090916
afrinic,NG,AS37148,20090917
afrinic,ZZ,AS37149,
afrinic,ZA,AS37150,20091012
afrinic,ZZ,AS37151,
afrinic,ZZ,AS37152,
afrinic,ZA,AS37153,20091026
afrinic,ZM,AS37154,20091108
afrinic,ZZ,AS37155,
afrinic,KE,AS37156,20091123
afrinic,ZA,AS37157,20091124
afrinic,ZZ,AS37158,
afrinic,ZA,AS37159,20091125
afrinic,ZA,AS37160,20091207
afrinic,ZZ,AS37161,
afrinic,ZZ,AS37162,
afrinic,BF,AS37163,20091224
afrinic,SL,AS37164,20100105
afrinic,KE,AS37165,20100112
afrinic,KE,AS37166,20100120
afrinic,ZA,AS37167,20100120
afrinic,ZA,AS37168,20100129
afrinic,ZZ,AS37169,
afrinic,NG,AS37170,20100204
afrinic,ZZ,AS37171,
afrinic,ZA,AS37172,20100205
afrinic,ZA,AS37173,20100209
afrinic,ZZ,AS37174,
afrinic,ZA,AS37175,20100211
afrinic,ZZ,AS37176,
afrinic,MU,AS37177,20100215
afrinic,NG,AS37178,20100216
afrinic,ZA,AS37179,20100218
afrinic,ZA,AS37180,20100222
afrinic,MU,AS37181,20100301
afrinic,TZ,AS37182,20100302
afrinic,ZW,AS37183,20100305
afrinic,ZW,AS37184,20100309
afrinic,ZM,AS37185,20140919
afrinic,ZA,AS37186,20100315
afrinic,MW,AS37187,20100319
afrinic,ZA,AS37188,20100322
afrinic,ZW,AS37189,20120307
afrinic,CI,AS37190,20100325
afrinic,EG,AS37191,20100330
afrinic,NG,AS37192,20100330
afrinic,EG,AS37193,20100401
afrinic,NG,AS37194,20100401
afrinic,ZA,AS37195,20100401
afrinic,SN,AS37196,20100406
afrinic,SD,AS37197,20100407
afrinic,ZZ,AS37198,
afrinic,ZA,AS37199,20100412
afrinic,NG,AS37200,20100412
afrinic,NA,AS37201,20100415
afrinic,ZZ,AS37202,
afrinic,LR,AS37203,20100416
afrinic,ZW,AS37204,20100416
afrinic,NE,AS37205,20100419
afrinic,UG,AS37206,20100422
afrinic,NG,AS37207,20100427
afrinic,SL,AS37208,20100503
afrinic,NG,AS37209,20100506
afrinic,KE,AS37210,20100506
afrinic,SD,AS37211,20150908
afrinic,GH,AS37212,20100512
afrinic,ZZ,AS37213,
afrinic,ZZ,AS37214,
afrinic,MW,AS37215,20140822
afrinic,ZZ,AS37216,
afrinic,ZZ,AS37217,
afrinic,TZ,AS37218,20100609
afrinic,KE,AS37219,20140722
afrinic,ZZ,AS37220,
afrinic,ZM,AS37221,20100614
afrinic,NG,AS37222,20100615
afrinic,MZ,AS37223,20100616
afrinic,RW,AS37224,20100618
afrinic,ZA,AS37225,20100619
afrinic,ZZ,AS37226,
afrinic,ZZ,AS37227,
afrinic,RW,AS37228,20100622
afrinic,TG,AS37229,20100629
afrinic,NG,AS37230,20100630
afrinic,ZA,AS37231,20100701
afrinic,GH,AS37232,20100701
afrinic,NE,AS37233,20100701
afrinic,ZZ,AS37234,
afrinic,ZA,AS37235,20100709
afrinic,ZA,AS37236,20100712
afrinic,ZZ,AS37237,
afrinic,MU,AS37238,20100714
afrinic,ZA,AS37239,20100716
afrinic,ZZ,AS37240,
afrinic,ZZ,AS37241,
afrinic,ZZ,AS37242,
afrinic,ZZ,AS37243,
afrinic,KE,AS37244,20100729
afrinic,ZZ,AS37245,
afrinic,ZZ,AS37246,
afrinic,KE,AS37247,20100810
afrinic,NG,AS37248,20100811
afrinic,NG,AS37249,20100819
afrinic,EG,AS37250,20100819
afrinic,ZA,AS37251,20100819
afrinic,EG,AS37252,20100824
afrinic,ZA,AS37253,20160129
afrinic,ZA,AS37254,20100827
afrinic,GH,AS37255,20100902
afrinic,SD,AS37256,20100909
afrinic,BW,AS37257,20100909
afrinic,NG,AS37258,20100909
afrinic,ZZ,AS37259,
afrinic,ZZ,AS37260,
afrinic,KE,AS37261,20100923
afrinic,ZZ,AS37262,
afrinic,GH,AS37263,20100929
afrinic,AO,AS37264,20101004
afrinic,ZZ,AS37265,
afrinic,ZA,AS37266,20101008
afrinic,AO,AS37267,20101019
afrinic,ZZ,AS37268,
afrinic,NG,AS37269,20101021
afrinic,ZZ,AS37270,
afrinic,ZA,AS37271,20101025
afrinic,AO,AS37272,20101103
afrinic,UG,AS37273,20101104
afrinic,KE,AS37274,20101104
afrinic,ZA,AS37275,20101111
afrinic,ZA,AS37276,20101115
afrinic,ZA,AS37277,20101115
afrinic,ZZ,AS37278,
afrinic,EG,AS37279,20101123
afrinic,NG,AS37280,20101124
afrinic,CG,AS37281,20190208
afrinic,NG,AS37282,20101129
afrinic,ZZ,AS37283,
afrinic,LY,AS37284,20101206
afrinic,ZZ,AS37285,
afrinic,NG,AS37286,20101216
afrinic,ZM,AS37287,20101217
afrinic,SN,AS37288,20101228
afrinic,GH,AS37289,20110207
afrinic,ZZ,AS37290,
afrinic,ZZ,AS37291,
afrinic,BJ,AS37292,20110225
afrinic,ZZ,AS37293,
afrinic,MW,AS37294,20110301
afrinic,ZZ,AS37295,
afrinic,NG,AS37296,20110304
afrinic,NG,AS37297,20110308
afrinic,KE,AS37298,20110308
afrinic,LS,AS37299,20110308
afrinic,ZZ,AS37300,
afrinic,MU,AS37301,20110314
afrinic,ZA,AS37302,20110315
afrinic,MG,AS37303,20110316
afrinic,GH,AS37304,20110317
afrinic,KE,AS37305,20110318
afrinic,ZZ,AS37306,
afrinic,KE,AS37307,20110322
afrinic,NG,AS37308,20110323
afrinic,GM,AS37309,20110325
afrinic,ZA,AS37310,20110325
afrinic,ZA,AS37311,20110329
afrinic,ZA,AS37312,20110330
afrinic,GH,AS37313,20110401
afrinic,ZA,AS37314,20110406
afrinic,ZA,AS37315,20110412
afrinic,ZA,AS37316,20110415
afrinic,ZA,AS37317,20181012
afrinic,AO,AS37318,20110418
afrinic,KE,AS37319,20110419
afrinic,ZZ,AS37320,
afrinic,ZZ,AS37321,
afrinic,CG,AS37322,20190211
afrinic,GM,AS37323,20110426
afrinic,MU,AS37324,20110427
afrinic,ZZ,AS37325,
afrinic,SO,AS37326,20110505
afrinic,MG,AS37327,20110505
afrinic,NG,AS37328,20110510
afrinic,ZW,AS37329,20110510
afrinic,ZZ,AS37330,
afrinic,LS,AS37331,20110517
afrinic,ZW,AS37332,20110523
afrinic,ZA,AS37333,20110523
afrinic,ZA,AS37334,20110525
afrinic,ZZ,AS37335,
afrinic,BI,AS37336,20110526
afrinic,GQ,AS37337,20110527
afrinic,ZZ,AS37338,
afrinic,EG,AS37339,20110609
afrinic,NG,AS37340,20110530
afrinic,GH,AS37341,20110530
afrinic,MZ,AS37342,20110531
afrinic,SC,AS37343,20110531
afrinic,ZW,AS37344,20110606
afrinic,NG,AS37345,20110609
afrinic,KE,AS37346,20110612
afrinic,NG,AS37347,20110614
afrinic,EG,AS37348,20110614
afrinic,TZ,AS37349,20110628
afrinic,GH,AS37350,20110629
afrinic,TN,AS37351,20110701
afrinic,ZA,AS37352,20130802
afrinic,ZA,AS37353,20110707
afrinic,KE,AS37354,20110707
afrinic,ZW,AS37355,20110707
afrinic,ZA,AS37356,20110712
afrinic,ZA,AS37357,20110713
afrinic,ZA,AS37358,20110713
afrinic,TZ,AS37359,20110714
afrinic,ZZ,AS37360,
afrinic,ZZ,AS37361,
afrinic,TZ,AS37362,20110720
afrinic,ZA,AS37363,20110721
afrinic,TZ,AS37364,20110721
afrinic,ZZ,AS37365,
afrinic,AO,AS37366,20110803
afrinic,ZZ,AS37367,
afrinic,ZA,AS37368,20110815
afrinic,NG,AS37369,20110824
afrinic,ZZ,AS37370,
afrinic,SO,AS37371,20110905
afrinic,ZZ,AS37372,
afrinic,GH,AS37373,20110907
afrinic,ZM,AS37374,20110908
afrinic,ZZ,AS37375,
afrinic,SS,AS37376,20110912
afrinic,NG,AS37377,20110912
afrinic,ZZ,AS37378,
afrinic,MU,AS37379,20110916
afrinic,ZZ,AS37380,
afrinic,CI,AS37381,20110923
afrinic,ZZ,AS37382,
afrinic,AO,AS37383,20111012
afrinic,AO,AS37384,20111012
afrinic,NE,AS37385,20111014
afrinic,UG,AS37386,20111018
afrinic,ZA,AS37387,20111019
afrinic,ZZ,AS37388,
afrinic,ZZ,AS37389,
afrinic,GA,AS37390,20111104
afrinic,ZW,AS37391,20111107
afrinic,GH,AS37392,20111107
afrinic,ZZ,AS37393,
afrinic,ZA,AS37394,20111116
afrinic,BW,AS37395,20111117
afrinic,ZZ,AS37396,
afrinic,ZZ,AS37397,
afrinic,NG,AS37398,20111124
afrinic,ZA,AS37399,20111124
afrinic,ZZ,AS37400,
afrinic,ZZ,AS37401,
afrinic,ZA,AS37402,20111208
afrinic,ZA,AS37403,20111208
afrinic,NG,AS37404,20111209
afrinic,NG,AS37405,20111212
afrinic,SS,AS37406,20111212
afrinic,NG,AS37407,20111215
afrinic,UG,AS37408,20111221
afrinic,ZZ,AS37409,
afrinic,LR,AS37410,20120118
afrinic,ZA,AS37411,20120119
afrinic,ZA,AS37412,20120120
afrinic,ZA,AS37413,20120120
afrinic,CD,AS37414,20120126
afrinic,CD,AS37415,20120131
afrinic,NG,AS37416,20120131
afrinic,ZA,AS37417,20120203
afrinic,SL,AS37418,20120208
afrinic,TZ,AS37419,20120209
afrinic,NG,AS37420,20120213
afrinic,KE,AS37421,20120220
afrinic,ZZ,AS37422,
afrinic,ZZ,AS37423,
afrinic,BJ,AS37424,20191010
afrinic,SO,AS37425,20120227
afrinic,NG,AS37426,20120229
afrinic,GN,AS37427,20120301
afrinic,ZA,AS37428,20120307
afrinic,BI,AS37429,20120308
afrinic,GN,AS37430,20120308
afrinic,CD,AS37431,20120308
afrinic,AO,AS37432,20120315
afrinic,NG,AS37433,20120320
afrinic,ZZ,AS37434,
afrinic,ZZ,AS37435,
afrinic,MZ,AS37436,20210609
afrinic,EG,AS37437,20120401
afrinic,ZA,AS37438,20120401
afrinic,ZA,AS37439,20120412
afrinic,MW,AS37440,20120416
afrinic,ZA,AS37441,20120423
afrinic,ZZ,AS37442,
afrinic,NG,AS37443,20120427
afrinic,EG,AS37444,20120430
afrinic,NG,AS37445,20120502
afrinic,ZZ,AS37446,
afrinic,CD,AS37447,20190213
afrinic,ZZ,AS37448,
afrinic,SL,AS37449,20120521
afrinic,MA,AS37450,20120522
afrinic,CG,AS37451,20130529
afrinic,NG,AS37452,20120524
afrinic,CD,AS37453,20120604
afrinic,TZ,AS37454,20120607
afrinic,MU,AS37455,20120611
afrinic,ZZ,AS37456,
afrinic,ZA,AS37457,20120612
afrinic,ZZ,AS37458,
afrinic,ZA,AS37459,20120613
afrinic,CF,AS37460,20120614
afrinic,GN,AS37461,20120614
afrinic,TD,AS37462,20120618
afrinic,CG,AS37463,20120619
afrinic,ZZ,AS37464,
afrinic,ZZ,AS37465,
afrinic,ZZ,AS37466,
afrinic,ET,AS37467,20120702
afrinic,AO,AS37468,20120702
afrinic,ZZ,AS37469,
afrinic,KE,AS37470,20120704
afrinic,ZZ,AS37471,
afrinic,NG,AS37472,20120706
afrinic,SO,AS37473,20120706
afrinic,ZA,AS37474,20120710
afrinic,ZZ,AS37475,
afrinic,ZZ,AS37476,
afrinic,MZ,AS37477,20120713
afrinic,GH,AS37478,20120713
afrinic,ZA,AS37479,20120713
afrinic,NG,AS37480,20120715
afrinic,CG,AS37481,20120716
afrinic,ZA,AS37482,20120724
afrinic,CD,AS37483,20120724
afrinic,ZA,AS37484,20120724
afrinic,ZW,AS37485,20120730
afrinic,ZZ,AS37486,
afrinic,GQ,AS37487,20120803
afrinic,ZA,AS37488,20120803
afrinic,MZ,AS37489,20120807
afrinic,NG,AS37490,20230428
afrinic,ZA,AS37491,20120814
afrinic,TN,AS37492,20120822
afrinic,ZZ,AS37493,
afrinic,ZZ,AS37494,
afrinic,NG,AS37495,20120830
afrinic,TZ,AS37496,20120918
afrinic,ZA,AS37497,20120921
afrinic,ZZ,AS37498,
afrinic,KE,AS37499,20120924
afrinic,ZZ,AS37500,
afrinic,ZA,AS37501,20121001
afrinic,ZZ,AS37502,
afrinic,GM,AS37503,20121015
afrinic,TN,AS37504,20121015
afrinic,LS,AS37505,20160817
afrinic,NG,AS37506,20121017
afrinic,ZZ,AS37507,
afrinic,MR,AS37508,20121024
afrinic,ZZ,AS37509,
afrinic,SZ,AS37510,20121026
afrinic,ZA,AS37511,20121030
afrinic,GQ,AS37512,20121105
afrinic,NA,AS37513,20121106
afrinic,ZZ,AS37514,
afrinic,ZA,AS37515,20121106
afrinic,ZZ,AS37516,
afrinic,CV,AS37517,20121108
afrinic,SC,AS37518,20121108
afrinic,ZA,AS37519,20121116
afrinic,ZA,AS37520,20121112
afrinic,NG,AS37521,20121112
afrinic,NG,AS37522,20121115
afrinic,ZA,AS37523,20121120
afrinic,GM,AS37524,20121120
afrinic,ZA,AS37525,20121121
afrinic,BF,AS37526,20121122
afrinic,ZA,AS37527,20121123
afrinic,NG,AS37528,20121127
afrinic,GQ,AS37529,20121127
afrinic,ZZ,AS37530,
afrinic,NE,AS37531,20121129
afrinic,ZM,AS37532,20121129
afrinic,ZZ,AS37533,
afrinic,GH,AS37534,20121206
afrinic,KE,AS37535,20121207
afrinic,ZZ,AS37536,
afrinic,BW,AS37537,20121219
afrinic,MU,AS37538,20121221
afrinic,GH,AS37539,20121221
afrinic,NG,AS37540,20121221
afrinic,MR,AS37541,20130107
afrinic,ZA,AS37542,20130107
afrinic,ZZ,AS37543,
afrinic,ZZ,AS37544,
afrinic,BI,AS37545,20130116
afrinic,ZA,AS37546,20130121
afrinic,RW,AS37547,20130122
afrinic,CG,AS37548,20130122
afrinic,ZA,AS37549,20130129
afrinic,CG,AS37550,20130204
afrinic,TN,AS37551,20130205
afrinic,GM,AS37552,20130205
afrinic,ZZ,AS37553,
afrinic,ZZ,AS37554,
afrinic,ZZ,AS37555,
afrinic,MZ,AS37556,20130215
afrinic,LR,AS37557,20130213
afrinic,LY,AS37558,20130214
afrinic,GW,AS37559,20130215
afrinic,LR,AS37560,20130218
afrinic,ZA,AS37561,20130219
afrinic,ZZ,AS37562,
afrinic,SO,AS37563,20130221
afrinic,ZA,AS37564,20130223
afrinic,NG,AS37565,20130225
afrinic,LY,AS37566,20130226
afrinic,NG,AS37567,20130227
afrinic,ZW,AS37568,20130227
afrinic,ZM,AS37569,20130304
afrinic,GH,AS37570,20130306
afrinic,CD,AS37571,20130311
afrinic,ZZ,AS37572,
afrinic,ZZ,AS37573,
afrinic,ZZ,AS37574,
afrinic,CV,AS37575,20130318
afrinic,TZ,AS37576,20130321
afrinic,BF,AS37577,20130321
afrinic,KE,AS37578,20130322
afrinic,KE,AS37579,20130322
afrinic,LR,AS37580,20130325
afrinic,ZZ,AS37581,
afrinic,GA,AS37582,20130325
afrinic,EG,AS37583,20130329
afrinic,SS,AS37584,20130409
afrinic,EG,AS37585,20130329
afrinic,BI,AS37586,20130404
afrinic,NG,AS37587,20130408
afrinic,NG,AS37588,20130409
afrinic,ZA,AS37589,20130412
afrinic,AO,AS37590,20130416
afrinic,ZZ,AS37591,
afrinic,ZZ,AS37592,
afrinic,AO,AS37593,20130423
afrinic,SS,AS37594,20130426
afrinic,ZZ,AS37595,
afrinic,ZA,AS37596,20130516
afrinic,ZA,AS37597,20130517
afrinic,CD,AS37598,20130517
afrinic,ZA,AS37599,20130517
afrinic,ZZ,AS37600,
afrinic,KE,AS37601,20130724
afrinic,ZZ,AS37602,
afrinic,AO,AS37603,20130725
afrinic,BW,AS37604,20130729
afrinic,NG,AS37605,20130729
afrinic,ZZ,AS37606,
afrinic,TZ,AS37607,20130807
afrinic,MG,AS37608,20130813
afrinic,ZZ,AS37609,
afrinic,UG,AS37610,20130816
afrinic,ZA,AS37611,20130820
afrinic,GN,AS37612,20130820
afrinic,GH,AS37613,20130823
afrinic,YT,AS37614,20130827
afrinic,ZZ,AS37615,
afrinic,GA,AS37616,20130905
afrinic,LS,AS37617,20130911
afrinic,ZA,AS37618,20130912
afrinic,RW,AS37619,20130916
afrinic,CM,AS37620,20130916
afrinic,ZA,AS37621,20130916
afrinic,MU,AS37622,20130916
afrinic,GH,AS37623,20130916
afrinic,ZZ,AS37624,
afrinic,ZZ,AS37625,
afrinic,ZZ,AS37626,
afrinic,ZA,AS37627,20130920
afrinic,ZA,AS37628,20130926
afrinic,NG,AS37629,20130926
afrinic,ZA,AS37630,20130930
afrinic,ZZ,AS37631,
afrinic,ZZ,AS37632,
afrinic,ZZ,AS37633,
afrinic,ZA,AS37634,20130930
afrinic,MZ,AS37635,20131004
afrinic,ZZ,AS37636,
afrinic,NG,AS37637,20131010
afrinic,CD,AS37638,20131014
afrinic,ZA,AS37639,20131015
afrinic,ZA,AS37640,20131016
afrinic,CM,AS37641,20131021
afrinic,LS,AS37642,20131023
afrinic,ZZ,AS37643,
afrinic,SO,AS37644,20131025
afrinic,AO,AS37645,20131028
afrinic,ZZ,AS37646,
afrinic,GH,AS37647,20131031
afrinic,BF,AS37648,20131003
afrinic,SN,AS37649,20131105
afrinic,ZA,AS37650,20131106
afrinic,MW,AS37651,20131106
afrinic,ZA,AS37652,20131106
afrinic,ZA,AS37653,20131106
afrinic,RW,AS37654,20131108
afrinic,ZZ,AS37655,
afrinic,ZA,AS37656,20131112
afrinic,NG,AS37657,20131118
afrinic,ZA,AS37658,20131118
afrinic,NG,AS37659,20200511
afrinic,NG,AS37660,20131119
afrinic,NG,AS37661,20131121
afrinic,MU,AS37662,20131126
afrinic,ZA,AS37663,20110926
afrinic,EG,AS37664,20130520
afrinic,GN,AS37665,20130605
afrinic,ZZ,AS37666,
afrinic,ZA,AS37667,20130606
afrinic,ZA,AS37668,20110926
afrinic,GA,AS37669,20130610
afrinic,ZA,AS37670,20130620
afrinic,TN,AS37671,20130621
afrinic,CM,AS37672,20130418
afrinic,ZA,AS37673,20130624
afrinic,MU,AS37674,20130626
afrinic,ZA,AS37675,20130627
afrinic,NG,AS37676,20130702
afrinic,CD,AS37677,20220107
afrinic,BW,AS37678,20130710
afrinic,UG,AS37679,20130712
afrinic,ZA,AS37680,20130715
afrinic,ZZ,AS37681,
afrinic,NG,AS37682,20130718
afrinic,UG,AS37683,20130718
afrinic,KE,AS37684,20130718
afrinic,KE,AS37685,20130718
afrinic,NG,AS37686,20130718
afrinic,NG,AS37687,20130723
afrinic,NG,AS37688,20130725
afrinic,UG,AS37689,20131127
afrinic,ZZ,AS37690,
afrinic,ZA,AS37691,20131128
afrinic,ZA,AS37692,20131219
afrinic,TN,AS37693,20140130
afrinic,NA,AS37694,20140522
afrinic,BI,AS37695,20140320
afrinic,SZ,AS37696,20141003
afrinic,MZ,AS37697,20140513
afrinic,GM,AS37698,20140523
afrinic,ZA,AS37699,20140523
afrinic,ZA,AS37700,20140523
afrinic,ZA,AS37701,20140523
afrinic,ZZ,AS37702,
afrinic,ZZ,AS37703,
afrinic,KE,AS37704,20160524
afrinic,TN,AS37705,20141120
afrinic,ZZ,AS37706,
afrinic,SC,AS37707,20150130
afrinic,MU,AS37708,20150210
afrinic,TN,AS37709,20150212
afrinic,TZ,AS37710,20150303
afrinic,BW,AS37711,20150317
afrinic,MW,AS37712,20150430
afrinic,MW,AS37713,20150513
afrinic,NG,AS37714,20150715
afrinic,LR,AS37715,20150820
afrinic,BF,AS37716,20160429
afrinic,TN,AS37717,20160530
afrinic,CM,AS37718,20161027
afrinic,TN,AS37719,20170126
afrinic,ZA,AS37720,20180528
afrinic,BF,AS37721,20180928
afrinic,MU,AS37722,20190906
afrinic,SL,AS37723,20191213
afrinic,ZA,AS37724,20200706
afrinic,MU,AS37725,20210609
afrinic,EG,AS37726,20190411
afrinic,GH,AS37727,20211206
afrinic,EG,AS37728,20220126
afrinic,SS,AS37729,20220222
afrinic,ZZ,AS37730,
afrinic,ZA,AS37731,20220519
afrinic,KE,AS37732,20221123
afrinic,RE,AS37733,20221213
afrinic,BF,AS37734,20230214
afrinic,ZA,AS37735,20230328
afrinic,RW,AS37736,20231020
afrinic,RW,AS37737,20231020
afrinic,MA,AS37738,20231022
afrinic,ZZ,AS37739,
afrinic,ZZ,AS37740,
afrinic,ZZ,AS37741,
afrinic,ZZ,AS37742,
afrinic,ZZ,AS37743,
afrinic,ZZ,AS37744,
afrinic,ZZ,AS37745,
afrinic,ZZ,AS37746,
afrinic,ZZ,AS37747,
afrinic,ZZ,AS37748,
afrinic,ZZ,AS37749,
afrinic,ZZ,AS37750,
afrinic,ZZ,AS37751,
afrinic,ZZ,AS37752,
afrinic,ZZ,AS37753,
afrinic,ZZ,AS37754,
afrinic,ZZ,AS37755,
afrinic,ZZ,AS37756,
afrinic,ZZ,AS37757,
afrinic,ZZ,AS37758,
afrinic,ZZ,AS37759,
afrinic,ZZ,AS37760,
afrinic,ZZ,AS37761,
afrinic,ZZ,AS37762,
afrinic,ZZ,AS37763,
afrinic,ZZ,AS37764,
afrinic,ZZ,AS37765,
afrinic,ZZ,AS37766,
afrinic,ZZ,AS37767,
afrinic,ZZ,AS37768,
afrinic,TZ,AS37769,20160530
afrinic,KE,AS37770,20160616
afrinic,BW,AS37771,20160617
afrinic,ZZ,AS37772,
afrinic,SN,AS37773,20170331
afrinic,TG,AS37774,20170411
afrinic,DJ,AS37775,20180122
afrinic,ML,AS37776,20180214
afrinic,TZ,AS37777,20180323
afrinic,TZ,AS37778,20180608
afrinic,TZ,AS37779,20180608
afrinic,GA,AS37780,20180829
afrinic,SO,AS37781,20180830
afrinic,CG,AS37782,20181002
afrinic,NG,AS37783,20181030
afrinic,GN,AS37784,20181106
afrinic,CD,AS37785,20190325
afrinic,KE,AS37786,20190415
afrinic,MA,AS37787,20200115
afrinic,CD,AS37788,20210211
afrinic,KE,AS37789,20210624
afrinic,CM,AS37790,20210816
afrinic,LY,AS37791,20220215
afrinic,ZM,AS37792,20220720
afrinic,NG,AS37793,20221003
afrinic,TD,AS37794,20221013
afrinic,LY,AS37795,20221116
afrinic,CV,AS37796,20221116
afrinic,MU,AS37797,20221212
afrinic,ET,AS37798,20230309
afrinic,CD,AS37799,20230323
afrinic,ZZ,AS37800,
afrinic,ZZ,AS37801,
afrinic,ZZ,AS37802,
afrinic,ZZ,AS37803,
afrinic,ZZ,AS37804,
afrinic,ZZ,AS37805,
afrinic,ZZ,AS37806,
afrinic,ZZ,AS37807,
afrinic,ZZ,AS37808,
afrinic,ZZ,AS37809,
afrinic,ZZ,AS37810,
afrinic,ZZ,AS37811,
afrinic,ZZ,AS37812,
afrinic,ZZ,AS37813,
afrinic,ZZ,AS37814,
afrinic,ZZ,AS37815,
afrinic,ZZ,AS37816,
afrinic,ZZ,AS37817,
afrinic,ZZ,AS37818,
afrinic,ZZ,AS37819,
afrinic,ZZ,AS37820,
afrinic,ZZ,AS37821,
afrinic,ZZ,AS37822,
afrinic,ZZ,AS37823,
afrinic,ZZ,AS37824,
afrinic,ZZ,AS37825,
afrinic,ZZ,AS37826,
afrinic,ZZ,AS37827,
afrinic,ZZ,AS37828,
afrinic,ZZ,AS37829,
afrinic,ZZ,AS37830,
afrinic,ZZ,AS37831,
afrinic,ZZ,AS37832,
afrinic,ZZ,AS37833,
afrinic,ZZ,AS37834,
afrinic,ZZ,AS37835,
afrinic,ZZ,AS37836,
afrinic,ZZ,AS37837,
afrinic,ZZ,AS37838,
afrinic,ZZ,AS37839,
afrinic,ZZ,AS37840,
afrinic,ZZ,AS37841,
afrinic,ZZ,AS37842,
afrinic,ZZ,AS37843,
afrinic,ZZ,AS37844,
afrinic,ZZ,AS37845,
afrinic,ZZ,AS37846,
afrinic,ZZ,AS37847,
afrinic,ZZ,AS37848,
afrinic,ZZ,AS37849,
afrinic,ZZ,AS37850,
afrinic,ZZ,AS37851,
afrinic,ZZ,AS37852,
afrinic,ZZ,AS37853,
afrinic,ZZ,AS37854,
afrinic,ZZ,AS37855,
afrinic,ZZ,AS37856,
afrinic,ZZ,AS37857,
afrinic,ZZ,AS37858,
afrinic,ZZ,AS37859,
afrinic,ZZ,AS37860,
afrinic,ZZ,AS37861,
afrinic,ZZ,AS37862,
afrinic,ZZ,AS37863,
afrinic,ZZ,AS37864,
afrinic,ZZ,AS37865,
afrinic,ZZ,AS37866,
afrinic,ZZ,AS37867,
afrinic,ZZ,AS37868,
afrinic,ZZ,AS37869,
afrinic,ZZ,AS37870,
afrinic,ZZ,AS37871,
afrinic,ZZ,AS37872,
afrinic,ZZ,AS37873,
afrinic,ZZ,AS37874,
afrinic,ZZ,AS37875,
afrinic,ZZ,AS37876,
afrinic,ZZ,AS37877,
afrinic,ZZ,AS37878,
afrinic,ZZ,AS37879,
afrinic,ZZ,AS37880,
afrinic,ZZ,AS37881,
afrinic,ZZ,AS37882,
afrinic,ZZ,AS37883,
afrinic,ZZ,AS37884,
afrinic,ZZ,AS37885,
afrinic,ZZ,AS37886,
afrinic,MG,AS37887,20160315
afrinic,ZZ,AS327680,
afrinic,ZZ,AS327681,
afrinic,ZZ,AS327682,
afrinic,ZA,AS327683,20070515
afrinic,NG,AS327684,20070806
afrinic,ZA,AS327685,20081112
afrinic,ZZ,AS327686,
afrinic,UG,AS327687,20090715
afrinic,ZA,AS327688,20090922
afrinic,KE,AS327689,20091215
afrinic,UG,AS327690,20100614
afrinic,AO,AS327691,20100811
afrinic,UG,AS327692,20100816
afrinic,ZA,AS327693,20130820
afrinic,NA,AS327694,20100928
afrinic,GH,AS327695,20101013
afrinic,BW,AS327696,20160617
afrinic,RE,AS327697,20160617
afrinic,ZA,AS327698,20110107
afrinic,MG,AS327699,20110118
afrinic,MZ,AS327700,20110126
afrinic,ZA,AS327701,20110127
afrinic,ZZ,AS327702,
afrinic,ZA,AS327703,20140820
afrinic,NG,AS327704,20110208
afrinic,NG,AS327705,20140909
afrinic,TZ,AS327706,20140812
afrinic,RW,AS327707,20120529
afrinic,RW,AS327708,20120529
afrinic,SC,AS327709,20120531
afrinic,CI,AS327710,20171229
afrinic,NE,AS327711,20121129
afrinic,DZ,AS327712,20131114
afrinic,KE,AS327713,20131115
afrinic,TZ,AS327714,20131206
afrinic,ZA,AS327715,20131209
afrinic,BW,AS327716,20131216
afrinic,ZZ,AS327717,
afrinic,TN,AS327718,20131224
afrinic,GM,AS327719,20140106
afrinic,ZZ,AS327720,
afrinic,NG,AS327721,20140120
afrinic,ML,AS327722,20140122
afrinic,ZZ,AS327723,
afrinic,UG,AS327724,20140129
afrinic,ST,AS327725,20140130
afrinic,ZA,AS327726,20140207
afrinic,UG,AS327727,20140207
afrinic,TZ,AS327728,20140212
afrinic,NG,AS327729,20140217
afrinic,TZ,AS327730,20140217
afrinic,ZZ,AS327731,
afrinic,SO,AS327732,20140220
afrinic,ZA,AS327733,20140221
afrinic,BI,AS327734,20220331
afrinic,ZZ,AS327735,
afrinic,LY,AS327736,20140311
afrinic,ZA,AS327737,20140313
afrinic,CD,AS327738,20140313
afrinic,ZZ,AS327739,
afrinic,ZZ,AS327740,
afrinic,CM,AS327741,20140327
afrinic,SO,AS327742,20140327
afrinic,ZZ,AS327743,
afrinic,ZZ,AS327744,
afrinic,ZA,AS327745,20140407
afrinic,CI,AS327746,20140407
afrinic,SO,AS327747,20140410
afrinic,KE,AS327748,20140415
afrinic,ZA,AS327749,20140415
afrinic,ZA,AS327750,20140415
afrinic,ZA,AS327751,20140429
afrinic,LY,AS327752,20140429
afrinic,KE,AS327753,20140807
afrinic,ZA,AS327754,20140501
afrinic,RW,AS327755,20140502
afrinic,TD,AS327756,20140502
afrinic,BW,AS327757,20140505
afrinic,ZZ,AS327758,
afrinic,MZ,AS327759,20140516
afrinic,BW,AS327760,20140528
afrinic,ZA,AS327761,20140804
afrinic,SZ,AS327762,20140603
afrinic,NG,AS327763,20140603
afrinic,SO,AS327764,20140609
afrinic,SZ,AS327765,20140611
afrinic,KE,AS327766,20140611
afrinic,ZA,AS327767,20140613
afrinic,SO,AS327768,20140620
afrinic,GW,AS327769,20140624
afrinic,ZW,AS327770,20140624
afrinic,TZ,AS327771,20140702
afrinic,ZA,AS327772,20140703
afrinic,CI,AS327773,20140703
afrinic,TZ,AS327774,20140704
afrinic,AO,AS327775,20140707
afrinic,BW,AS327776,20140716
afrinic,ZA,AS327777,20140728
afrinic,TZ,AS327778,20140730
afrinic,ZZ,AS327779,
afrinic,KE,AS327780,20140812
afrinic,ZA,AS327781,20140818
afrinic,ZA,AS327782,20140818
afrinic,ZA,AS327783,20140716
afrinic,NG,AS327784,20140820
afrinic,ZZ,AS327785,
afrinic,SS,AS327786,20140829
afrinic,ZA,AS327787,20140829
afrinic,AO,AS327788,20140901
afrinic,KE,AS327789,20140902
afrinic,ZA,AS327790,20140917
afrinic,ZA,AS327791,20140917
afrinic,TZ,AS327792,20140919
afrinic,KE,AS327793,20140919
afrinic,ZA,AS327794,20140922
afrinic,TZ,AS327795,20140922
afrinic,GA,AS327796,20140923
afrinic,CD,AS327797,20140924
afrinic,BI,AS327798,20140930
afrinic,BI,AS327799,20141001
afrinic,ZZ,AS327800,
afrinic,AO,AS327801,20141001
afrinic,TD,AS327802,20141002
afrinic,NG,AS327803,20141002
afrinic,ZA,AS327804,20141010
afrinic,ZA,AS327805,20141010
afrinic,AO,AS327806,20141013
afrinic,ZZ,AS327807,
afrinic,ZA,AS327808,20141021
afrinic,SN,AS327809,20141022
afrinic,NG,AS327810,20141029
afrinic,ZZ,AS327811,
afrinic,ZA,AS327812,20141029
afrinic,ZA,AS327813,20141030
afrinic,GH,AS327814,20141030
afrinic,ZZ,AS327815,
afrinic,ZZ,AS327816,
afrinic,ZA,AS327817,20141103
afrinic,BJ,AS327818,20141112
afrinic,TZ,AS327819,20141112
afrinic,CM,AS327820,20141113
afrinic,MU,AS327821,20141128
afrinic,ZA,AS327822,20141202
afrinic,ZZ,AS327823,
afrinic,ZA,AS327824,20141207
afrinic,ZZ,AS327825,
afrinic,ZA,AS327826,20141219
afrinic,ZZ,AS327827,
afrinic,SO,AS327828,20141222
afrinic,CG,AS327829,20141230
afrinic,BW,AS327830,20150116
afrinic,DJ,AS327831,20150119
afrinic,ZA,AS327832,20150127
afrinic,AO,AS327833,20150128
afrinic,ZZ,AS327834,
afrinic,ZZ,AS327835,
afrinic,TD,AS327836,20150130
afrinic,SC,AS327837,20150130
afrinic,EG,AS327838,20150202
afrinic,ZA,AS327839,20150204
afrinic,ZA,AS327840,20150212
afrinic,ZZ,AS327841,
afrinic,NA,AS327842,20150216
afrinic,NG,AS327843,20150223
afrinic,TZ,AS327844,20150224
afrinic,GH,AS327845,20150224
afrinic,EG,AS327846,20150225
afrinic,ZZ,AS327847,
afrinic,GH,AS327848,20150226
afrinic,ZA,AS327849,20150226
afrinic,ZA,AS327850,20150227
afrinic,ZA,AS327851,20150227
afrinic,TZ,AS327852,20150303
afrinic,GH,AS327853,20150303
afrinic,ZZ,AS327854,
afrinic,ZZ,AS327855,
afrinic,ZZ,AS327856,
afrinic,ZZ,AS327857,
afrinic,ZA,AS327858,20150309
afrinic,TZ,AS327859,20150309
afrinic,ZZ,AS327860,
afrinic,SC,AS327861,20150316
afrinic,CV,AS327862,20150316
afrinic,ZW,AS327863,20150316
afrinic,TD,AS327864,20150323
afrinic,NA,AS327865,20150326
afrinic,MG,AS327866,20150326
afrinic,ZA,AS327867,20150327
afrinic,ZZ,AS327868,
afrinic,ZZ,AS327869,
afrinic,CD,AS327870,20150407
afrinic,BF,AS327871,20150408
afrinic,ZA,AS327872,20150409
afrinic,ZZ,AS327873,
afrinic,RE,AS327874,20150416
afrinic,CD,AS327875,20150506
afrinic,GA,AS327876,20150421
afrinic,DZ,AS327877,20150424
afrinic,ZA,AS327878,20150424
afrinic,CD,AS327879,20150504
afrinic,ZA,AS327880,20150508
afrinic,SD,AS327881,20150511
afrinic,ZZ,AS327882,
afrinic,ZZ,AS327883,
afrinic,KE,AS327884,20150520
afrinic,TZ,AS327885,20150521
afrinic,GH,AS327886,20160621
afrinic,LR,AS327887,20150525
afrinic,TZ,AS327888,20150525
afrinic,ZA,AS327889,20150525
afrinic,GH,AS327890,20150526
afrinic,NG,AS327891,20150528
afrinic,ZA,AS327892,20150531
afrinic,ZA,AS327893,20150601
afrinic,ZA,AS327894,20150604
afrinic,NG,AS327895,20150608
afrinic,ZA,AS327896,20150617
afrinic,ZA,AS327897,20150618
afrinic,NG,AS327898,20150619
afrinic,RW,AS327899,20150619
afrinic,TZ,AS327900,20150624
afrinic,ZA,AS327901,20150625
afrinic,ZZ,AS327902,
afrinic,SL,AS327903,20150626
afrinic,ZM,AS327904,20150626
afrinic,TZ,AS327905,20150626
afrinic,KE,AS327906,20150630
afrinic,ZA,AS327907,20150630
afrinic,ZA,AS327908,20150630
afrinic,ZA,AS327909,20150706
afrinic,ZA,AS327910,20150706
afrinic,ZZ,AS327911,
afrinic,TZ,AS327912,20150709
afrinic,MU,AS327913,20150710
afrinic,MU,AS327914,20150710
afrinic,NG,AS327915,20150721
afrinic,ZZ,AS327916,
afrinic,MA,AS327917,20150730
afrinic,AO,AS327918,20150811
afrinic,MU,AS327919,20150812
afrinic,CM,AS327920,20150812
afrinic,LY,AS327921,20150819
afrinic,ZA,AS327922,20150820
afrinic,ZA,AS327923,20150821
afrinic,NG,AS327924,20150825
afrinic,ZZ,AS327925,
afrinic,ZA,AS327926,20150827
afrinic,KE,AS327927,20150831
afrinic,GH,AS327928,20150902
afrinic,ZZ,AS327929,
afrinic,ZZ,AS327930,
afrinic,DZ,AS327931,20150916
afrinic,AO,AS327932,20150917
afrinic,ZZ,AS327933,
afrinic,TN,AS327934,20150922
afrinic,ZA,AS327935,20150923
afrinic,ZA,AS327936,20150928
afrinic,CD,AS327937,20150930
afrinic,ZZ,AS327938,
afrinic,ZA,AS327939,20151001
afrinic,ZZ,AS327940,
afrinic,MW,AS327941,20151008
afrinic,NG,AS327942,20151013
afrinic,ZA,AS327943,20151013
afrinic,GH,AS327944,20151019
afrinic,KE,AS327945,20151021
afrinic,ZA,AS327946,20151021
afrinic,GH,AS327947,20151027
afrinic,ZZ,AS327948,
afrinic,ZA,AS327949,20151030
afrinic,ZA,AS327950,20151030
afrinic,MZ,AS327951,20151103
afrinic,NG,AS327952,20151103
afrinic,NG,AS327953,20151103
afrinic,ZA,AS327954,20151119
afrinic,ZZ,AS327955,
afrinic,RE,AS327956,20151123
afrinic,ZA,AS327957,20151124
afrinic,ZA,AS327958,20151125
afrinic,ZZ,AS327959,
afrinic,ZA,AS327960,20151208
afrinic,ZA,AS327961,20151209
afrinic,ZA,AS327962,20151209
afrinic,KE,AS327963,20151211
afrinic,ZZ,AS327964,
afrinic,GH,AS327965,20151214
afrinic,ZA,AS327966,20151215
afrinic,ZZ,AS327967,
afrinic,ZA,AS327968,20160118
afrinic,TN,AS327969,20160127
afrinic,ZZ,AS327970,
afrinic,ZW,AS327971,20160128
afrinic,KE,AS327972,20160217
afrinic,ZZ,AS327973,
afrinic,CI,AS327974,20160215
afrinic,TD,AS327975,20160218
afrinic,ZZ,AS327976,
afrinic,KE,AS327977,20160223
afrinic,CD,AS327978,20160302
afrinic,ZA,AS327979,20160303
afrinic,ZA,AS327980,20160303
afrinic,NG,AS327981,20160303
afrinic,ZA,AS327982,20160308
afrinic,ZA,AS327983,20160308
afrinic,ZA,AS327984,20160309
afrinic,NG,AS327985,20160309
afrinic,NG,AS327986,20160314
afrinic,ZA,AS327987,20160314
afrinic,ZA,AS327988,20160315
afrinic,MA,AS327989,20160318
afrinic,SL,AS327990,20160322
afrinic,ZA,AS327991,20160322
afrinic,GH,AS327992,20160323
afrinic,TZ,AS327993,20160324
afrinic,KE,AS327994,20160330
afrinic,ZZ,AS327995,
afrinic,ZA,AS327996,20160404
afrinic,KE,AS327997,20160406
afrinic,ZZ,AS327998,
afrinic,ZZ,AS327999,
afrinic,CD,AS328000,20160413
afrinic,ZA,AS328001,20160413
afrinic,ZZ,AS328002,
afrinic,CD,AS328003,20160414
afrinic,CD,AS328004,20160415
afrinic,ZZ,AS328005,
afrinic,ZA,AS328006,20160422
afrinic,ZZ,AS328007,
afrinic,MR,AS328008,20160422
afrinic,ZA,AS328009,20160425
afrinic,BF,AS328010,20160429
afrinic,EG,AS328011,20160429
afrinic,ZZ,AS328012,
afrinic,ZA,AS328013,20160506
afrinic,RW,AS328014,20160510
afrinic,UG,AS328015,20160510
afrinic,ZA,AS328016,20160512
afrinic,TZ,AS328017,20160513
afrinic,TZ,AS328018,20160520
afrinic,MU,AS328019,20160524
afrinic,ZA,AS328020,20160525
afrinic,ZZ,AS328021,
afrinic,TZ,AS328022,20160530
afrinic,ZZ,AS328023,
afrinic,ZA,AS328024,20160531
afrinic,CI,AS328025,20160603
afrinic,ZZ,AS328026,
afrinic,NG,AS328027,20160608
afrinic,ZA,AS328028,20160608
afrinic,ZA,AS328029,20160610
afrinic,ZA,AS328030,20160610
afrinic,ZZ,AS328031,
afrinic,ZA,AS328032,20160614
afrinic,ZZ,AS328033,
afrinic,NG,AS328034,20160617
afrinic,NG,AS328035,20160627
afrinic,ZA,AS328036,20160629
afrinic,ZA,AS328037,20160630
afrinic,ZA,AS328038,20160704
afrinic,ZA,AS328039,20160705
afrinic,ZZ,AS328040,
afrinic,ZA,AS328041,20160712
afrinic,ZZ,AS328042,
afrinic,ZA,AS328043,20160714
afrinic,ZZ,AS328044,
afrinic,ZA,AS328045,20160715
afrinic,ZZ,AS328046,
afrinic,ZA,AS328047,20160721
afrinic,TN,AS328048,20160725
afrinic,ZA,AS328049,20160729
afrinic,ZZ,AS328050,
afrinic,ZA,AS328051,20160802
afrinic,EG,AS328052,20160805
afrinic,NG,AS328053,20160808
afrinic,GH,AS328054,20160809
afrinic,MA,AS328055,20160809
afrinic,ZZ,AS328056,
afrinic,ZA,AS328057,20160810
afrinic,ZZ,AS328058,
afrinic,ZA,AS328059,20160811
afrinic,NG,AS328060,20160818
afrinic,KM,AS328061,20160819
afrinic,EG,AS328062,20160819
afrinic,ZA,AS328063,20160819
afrinic,ZA,AS328064,20160823
afrinic,ZZ,AS328065,
afrinic,MA,AS328066,20160830
afrinic,EG,AS328067,20160901
afrinic,ZA,AS328068,20160905
afrinic,ZZ,AS328069,
afrinic,BW,AS328070,20160920
afrinic,ZZ,AS328071,
afrinic,ZA,AS328072,20160923
afrinic,LY,AS328073,20160927
afrinic,ZA,AS328074,20160927
afrinic,TZ,AS328075,20160928
afrinic,GH,AS328076,20160928
afrinic,ZA,AS328077,20160930
afrinic,ZZ,AS328078,
afrinic,CF,AS328079,20161003
afrinic,NG,AS328080,20161004
afrinic,NG,AS328081,20161005
afrinic,ZA,AS328082,20161012
afrinic,ZZ,AS328083,
afrinic,ZZ,AS328084,
afrinic,ZZ,AS328085,
afrinic,ZA,AS328086,20161019
afrinic,KE,AS328087,20161025
afrinic,ZW,AS328088,20161025
afrinic,KE,AS328089,20161026
afrinic,KE,AS328090,20161027
afrinic,CM,AS328091,20161027
afrinic,BJ,AS328092,20161027
afrinic,KE,AS328093,20161028
afrinic,ZZ,AS328094,
afrinic,ZA,AS328095,20161103
afrinic,UG,AS328096,20161109
afrinic,ZZ,AS328097,
afrinic,BJ,AS328098,20161109
afrinic,SN,AS328099,20161111
afrinic,KE,AS328100,20161114
afrinic,ZA,AS328101,20161114
afrinic,UG,AS328102,20161116
afrinic,KE,AS328103,20161118
afrinic,TD,AS328104,20161122
afrinic,EG,AS328105,20161122
afrinic,ZA,AS328106,20161123
afrinic,GN,AS328107,20161123
afrinic,GN,AS328108,20161202
afrinic,ZA,AS328109,20161202
afrinic,ZZ,AS328110,
afrinic,AO,AS328111,20161208
afrinic,ZA,AS328112,20161214
afrinic,ZA,AS328113,20161216
afrinic,ZA,AS328114,20161216
afrinic,ZZ,AS328115,
afrinic,ZZ,AS328116,
afrinic,MW,AS328117,20200117
afrinic,UG,AS328118,20210728
afrinic,ZA,AS328119,20170106
afrinic,ZA,AS328120,20170109
afrinic,ZZ,AS328121,
afrinic,ZA,AS328122,20170112
afrinic,ZZ,AS328123,
afrinic,GA,AS328124,20170120
afrinic,ZA,AS328125,20170120
afrinic,TN,AS328126,20170126
afrinic,ZZ,AS328127,
afrinic,NG,AS328128,20170207
afrinic,ZZ,AS328129,
afrinic,ZA,AS328130,20170217
afrinic,NG,AS328131,20170221
afrinic,KE,AS328132,20170227
afrinic,BJ,AS328133,20170227
afrinic,ZZ,AS328134,
afrinic,ZA,AS328135,20170303
afrinic,LR,AS328136,20170308
afrinic,ZA,AS328137,20170308
afrinic,ZZ,AS328138,
afrinic,TZ,AS328139,20170313
afrinic,GM,AS328140,20170317
afrinic,GH,AS328141,20170322
afrinic,KE,AS328142,20170322
afrinic,ZZ,AS328143,
afrinic,SZ,AS328144,20170324
afrinic,ZZ,AS328145,
afrinic,ZA,AS328146,20170331
afrinic,SN,AS328147,20170331
afrinic,SN,AS328148,20170331
afrinic,ZZ,AS328149,
afrinic,ZA,AS328150,20170405
afrinic,ZA,AS328151,20170405
afrinic,TG,AS328152,20170411
afrinic,ZA,AS328153,20170412
afrinic,AO,AS328154,20170421
afrinic,ZA,AS328155,20170421
afrinic,ZA,AS328156,20170426
afrinic,ZA,AS328157,20170426
afrinic,NG,AS328158,20170426
afrinic,SN,AS328159,20170428
afrinic,NG,AS328160,20170428
afrinic,ZA,AS328161,20170505
afrinic,KE,AS328162,20170510
afrinic,ZA,AS328163,20170512
afrinic,ZA,AS328164,20170515
afrinic,AO,AS328165,20170515
afrinic,ZZ,AS328166,
afrinic,ZA,AS328167,20170518
afrinic,ZZ,AS328168,
afrinic,SZ,AS328169,20170522
afrinic,ZA,AS328170,20170522
afrinic,NG,AS328171,20170523
afrinic,ZA,AS328172,20170525
afrinic,ZA,AS328173,20170525
afrinic,ZA,AS328174,20170608
afrinic,NG,AS328175,20170608
afrinic,ZA,AS328176,20170608
afrinic,NG,AS328177,20170608
afrinic,ZA,AS328178,20170613
afrinic,ZA,AS328179,20170619
afrinic,RW,AS328180,20170619
afrinic,BW,AS328181,20170619
afrinic,GH,AS328182,20170621
afrinic,NG,AS328183,20170621
afrinic,GH,AS328184,20170621
afrinic,GH,AS328185,20170622
afrinic,ZA,AS328186,20170622
afrinic,MZ,AS328187,20170629
afrinic,NG,AS328188,20170630
afrinic,NG,AS328189,20170630
afrinic,ZZ,AS328190,
afrinic,ST,AS328191,20170710
afrinic,KE,AS328192,20170717
afrinic,CI,AS328193,20170720
afrinic,ZM,AS328194,20170720
afrinic,ZZ,AS328195,
afrinic,LR,AS328196,20170724
afrinic,ZA,AS328197,20170724
afrinic,UG,AS328198,20170724
afrinic,ZA,AS328199,20170731
afrinic,LY,AS328200,20170731
afrinic,KE,AS328201,20170807
afrinic,ZZ,AS328202,
afrinic,NG,AS328203,20170807
afrinic,ZZ,AS328204,
afrinic,ZA,AS328205,20170807
afrinic,ZA,AS328206,20170811
afrinic,GQ,AS328207,20170811
afrinic,ZZ,AS328208,
afrinic,ZA,AS328209,20170815
afrinic,ZA,AS328210,20170815
afrinic,AO,AS328211,20170816
afrinic,GH,AS328212,20170818
afrinic,GH,AS328213,20170818
afrinic,ZA,AS328214,20170823
afrinic,BF,AS328215,20170823
afrinic,ZA,AS328216,20170829
afrinic,ZZ,AS328217,
afrinic,ZA,AS328218,20170829
afrinic,ZZ,AS328219,
afrinic,ZA,AS328220,20170831
afrinic,NG,AS328221,20170906
afrinic,ZA,AS328222,20170907
afrinic,MZ,AS328223,20170911
afrinic,GH,AS328224,20170914
afrinic,KE,AS328225,20170914
afrinic,ZZ,AS328226,
afrinic,ZA,AS328227,20170927
afrinic,BJ,AS328228,20170929
afrinic,ZZ,AS328229,
afrinic,ZW,AS328230,20170929
afrinic,ZZ,AS328231,
afrinic,ZA,AS328232,20171005
afrinic,UG,AS328233,20171009
afrinic,ZA,AS328234,20171013
afrinic,ZW,AS328235,20171013
afrinic,SL,AS328236,20171024
afrinic,ZA,AS328237,20171025
afrinic,CD,AS328238,20171025
afrinic,ZA,AS328239,20171026
afrinic,NG,AS328240,20171031
afrinic,ZA,AS328241,20171103
afrinic,ZA,AS328242,20171106
afrinic,ZA,AS328243,20171108
afrinic,GN,AS328244,20171108
afrinic,BF,AS328245,20171113
afrinic,ZA,AS328246,20171117
afrinic,SC,AS328247,20171117
afrinic,ZZ,AS328248,
afrinic,CD,AS328249,20171124
afrinic,SO,AS328250,20171129
afrinic,ZA,AS328251,20171129
afrinic,GH,AS328252,20171204
afrinic,ML,AS328253,20171208
afrinic,ZA,AS328254,20171208
afrinic,ZA,AS328255,20171208
afrinic,NG,AS328256,20171213
afrinic,ZA,AS328257,20171213
afrinic,SL,AS328258,20171219
afrinic,SN,AS328259,20171219
afrinic,ZA,AS328260,20171219
afrinic,GH,AS328261,20171219
afrinic,ZA,AS328262,20171220
afrinic,ZZ,AS328263,
afrinic,GH,AS328264,20180105
afrinic,ZZ,AS328265,
afrinic,ZA,AS328266,20180115
afrinic,ZA,AS328267,20180116
afrinic,MA,AS328268,20180124
afrinic,ZW,AS328269,20180124
afrinic,ZA,AS328270,20180124
afrinic,KE,AS328271,20180124
afrinic,MA,AS328272,20180126
afrinic,AO,AS328273,20180129
afrinic,MZ,AS328274,20180205
afrinic,ZA,AS328275,20180207
afrinic,ZZ,AS328276,
afrinic,ML,AS328277,20180214
afrinic,ZA,AS328278,20180215
afrinic,LR,AS328279,20210218
afrinic,MA,AS328280,20180219
afrinic,ZA,AS328281,20180221
afrinic,TG,AS328282,20180222
afrinic,AO,AS328283,20180226
afrinic,ML,AS328284,20180226
afrinic,ZA,AS328285,20180309
afrinic,LY,AS328286,20180314
afrinic,ZA,AS328287,20180314
afrinic,ZA,AS328288,20180316
afrinic,SL,AS328289,20210629
afrinic,CI,AS328290,20180316
afrinic,ZW,AS328291,20180319
afrinic,UG,AS328292,20180321
afrinic,TG,AS328293,20180321
afrinic,TZ,AS328294,20180323
afrinic,AO,AS328295,20180326
afrinic,KE,AS328296,20180326
afrinic,SL,AS328297,20180326
afrinic,KE,AS328298,20180328
afrinic,EG,AS328299,20210322
afrinic,MW,AS328300,20180330
afrinic,KE,AS328301,20180330
afrinic,KE,AS328302,20180330
afrinic,GH,AS328303,20180404
afrinic,GA,AS328304,20180409
afrinic,NG,AS328305,20180411
afrinic,ZA,AS328306,20180413
afrinic,TN,AS328307,20180420
afrinic,EG,AS328308,20180420
afrinic,NG,AS328309,20180420
afrinic,TD,AS328310,20180425
afrinic,GQ,AS328311,20180430
afrinic,ZA,AS328312,20180507
afrinic,ZA,AS328313,20180507
afrinic,ZA,AS328314,20180511
afrinic,ZA,AS328315,20180511
afrinic,BF,AS328316,20180514
afrinic,ZA,AS328317,20180514
afrinic,ML,AS328318,20180523
afrinic,SO,AS328319,20180528
afrinic,ZA,AS328320,20180530
afrinic,ZZ,AS328321,
afrinic,ZZ,AS328322,
afrinic,ZA,AS328323,20180604
afrinic,NG,AS328324,20180608
afrinic,TZ,AS328325,20180608
afrinic,TZ,AS328326,20180608
afrinic,ZA,AS328327,20180611
afrinic,ZZ,AS328328,
afrinic,CG,AS328329,20180618
afrinic,BF,AS328330,20211013
afrinic,KE,AS328331,20180627
afrinic,NG,AS328332,20180627
afrinic,ZA,AS328333,20180629
afrinic,ZA,AS328334,20180709
afrinic,ZA,AS328335,20180709
afrinic,ZA,AS328336,20180709
afrinic,ZA,AS328337,20180716
afrinic,ZZ,AS328338,
afrinic,ZA,AS328339,20180718
afrinic,ZZ,AS328340,
afrinic,ZA,AS328341,20180720
afrinic,ZA,AS328342,20180720
afrinic,BW,AS328343,20180723
afrinic,CD,AS328344,20180727
afrinic,ZA,AS328345,20180801
afrinic,ZA,AS328346,20180801
afrinic,ZA,AS328347,20180810
afrinic,BW,AS328348,20180813
afrinic,ZA,AS328349,20180813
afrinic,ZA,AS328350,20180814
afrinic,ZA,AS328351,20180817
afrinic,CM,AS328352,20180817
afrinic,GH,AS328353,20180817
afrinic,KE,AS328354,20180817
afrinic,CI,AS328355,20180817
afrinic,ZA,AS328356,20180822
afrinic,NG,AS328357,20180822
afrinic,UG,AS328358,20180828
afrinic,ZA,AS328359,20180828
afrinic,ZA,AS328360,20180829
afrinic,ZA,AS328361,20180829
afrinic,NG,AS328362,20180829
afrinic,SO,AS328363,20180830
afrinic,ZA,AS328364,20180831
afrinic,ZA,AS328365,20180831
afrinic,ZA,AS328366,20180903
afrinic,GH,AS328367,20180904
afrinic,AO,AS328368,20180907
afrinic,ZZ,AS328369,
afrinic,ZA,AS328370,20180912
afrinic,ZA,AS328371,20180913
afrinic,GH,AS328372,20180919
afrinic,ZA,AS328373,20180919
afrinic,ZA,AS328374,20180921
afrinic,ZA,AS328375,20180926
afrinic,NG,AS328376,20180928
afrinic,ZA,AS328377,20180928
afrinic,ZZ,AS328378,
afrinic,CG,AS328379,20181002
afrinic,KE,AS328380,20181003
afrinic,SD,AS328381,20181010
afrinic,MZ,AS328382,20181010
afrinic,SC,AS328383,20181010
afrinic,ZA,AS328384,20181012
afrinic,RW,AS328385,20181012
afrinic,ZA,AS328386,20181015
afrinic,NG,AS328387,20181017
afrinic,ZA,AS328388,20181019
afrinic,ZZ,AS328389,
afrinic,ZZ,AS328390,
afrinic,ZA,AS328391,20181024
afrinic,KE,AS328392,20181024
afrinic,DZ,AS328393,20181024
afrinic,TN,AS328394,20181026
afrinic,NG,AS328395,20181030
afrinic,ZZ,AS328396,
afrinic,ZA,AS328397,20181105
afrinic,GN,AS328398,20181106
afrinic,ZA,AS328399,20181109
afrinic,ZA,AS328400,20181112
afrinic,NG,AS328401,20181116
afrinic,ZZ,AS328402,
afrinic,MW,AS328403,20181126
afrinic,ZA,AS328404,20181126
afrinic,EG,AS328405,20181126
afrinic,CI,AS328406,20181128
afrinic,ZZ,AS328407,
afrinic,UG,AS328408,20181128
afrinic,ZA,AS328409,20181203
afrinic,ZA,AS328410,20181207
afrinic,MG,AS328411,20181212
afrinic,ZZ,AS328412,
afrinic,NG,AS328413,20181220
afrinic,TN,AS328414,20181221
afrinic,NG,AS328415,20210405
afrinic,ZZ,AS328416,
afrinic,ZA,AS328417,20190109
afrinic,ZA,AS328418,20190116
afrinic,NG,AS328419,20190116
afrinic,ZM,AS328420,20190118
afrinic,SD,AS328421,20190118
afrinic,ZA,AS328422,20190125
afrinic,ZA,AS328423,20190128
afrinic,BF,AS328424,20190128
afrinic,ZZ,AS328425,
afrinic,ZA,AS328426,20190131
afrinic,ZM,AS328427,20190131
afrinic,ZZ,AS328428,
afrinic,GA,AS328429,20190206
afrinic,EG,AS328430,20190206
afrinic,ZA,AS328431,20190206
afrinic,BF,AS328432,20190208
afrinic,ZZ,AS328433,
afrinic,ZA,AS328434,20190211
afrinic,SO,AS328435,20190214
afrinic,TZ,AS328436,20190214
afrinic,ZA,AS328437,20190218
afrinic,ZZ,AS328438,
afrinic,GH,AS328439,20211025
afrinic,CV,AS328440,20190221
afrinic,ZA,AS328441,20190222
afrinic,CD,AS328442,20190225
afrinic,CD,AS328443,20190301
afrinic,ZA,AS328444,20190301
afrinic,CD,AS328445,20190301
afrinic,ZA,AS328446,20190311
afrinic,NG,AS328447,20190311
afrinic,BF,AS328448,20190313
afrinic,ZA,AS328449,20190313
afrinic,ZA,AS328450,20190318
afrinic,NG,AS328451,20190318
afrinic,CD,AS328452,20190325
afrinic,ZA,AS328453,20190328
afrinic,GH,AS328454,20190327
afrinic,ZZ,AS328455,
afrinic,ZA,AS328456,20190329
afrinic,NG,AS328457,20190329
afrinic,ZZ,AS328458,
afrinic,BW,AS328459,20190403
afrinic,MZ,AS328460,20190403
afrinic,ZA,AS328461,20190403
afrinic,UG,AS328462,20190403
afrinic,TG,AS328463,20190404
afrinic,ZA,AS328464,20190410
afrinic,KE,AS328465,20190412
afrinic,KE,AS328466,20190412
afrinic,ZA,AS328467,20190417
afrinic,ZA,AS328468,20190417
afrinic,SO,AS328469,20190417
afrinic,CD,AS328470,20190417
afrinic,ZA,AS328471,20190419
afrinic,BF,AS328472,20190419
afrinic,ZA,AS328473,20190422
afrinic,ZA,AS328474,20190422
afrinic,KE,AS328475,20190422
afrinic,MU,AS328476,20190424
afrinic,KE,AS328477,20190426
afrinic,TZ,AS328478,20190430
afrinic,KE,AS328479,20230213
afrinic,ZA,AS328480,20190508
afrinic,CM,AS328481,20190508
afrinic,KE,AS328482,20190513
afrinic,ZA,AS328483,20190513
afrinic,EG,AS328484,20190515
afrinic,GA,AS328485,20190515
afrinic,ZA,AS328486,20190515
afrinic,ZA,AS328487,20190515
afrinic,GM,AS328488,20190522
afrinic,MW,AS328489,20190522
afrinic,KE,AS328490,20190522
afrinic,SS,AS328491,20190527
afrinic,ZA,AS328492,20190527
afrinic,MA,AS328493,20190529
afrinic,GH,AS328494,20190603
afrinic,ZZ,AS328495,
afrinic,NG,AS328496,20190606
afrinic,NG,AS328497,20190607
afrinic,ZA,AS328498,20190614
afrinic,TZ,AS328499,20190618
afrinic,CG,AS328500,20190624
afrinic,ZA,AS328501,20190624
afrinic,GA,AS328502,20190626
afrinic,NG,AS328503,20190626
afrinic,TZ,AS328504,20190626
afrinic,ZA,AS328505,20190628
afrinic,NA,AS328506,20201217
afrinic,ZA,AS328507,20190628
afrinic,ZZ,AS328508,
afrinic,AO,AS328509,20190701
afrinic,ZA,AS328510,20190701
afrinic,ZA,AS328511,20190704
afrinic,ZA,AS328512,20190705
afrinic,ZA,AS328513,20190709
afrinic,TZ,AS328514,20190718
afrinic,ZZ,AS328515,
afrinic,NG,AS328516,20190722
afrinic,ZA,AS328517,20190725
afrinic,ZA,AS328518,20190726
afrinic,ZA,AS328519,20190801
afrinic,NG,AS328520,20190802
afrinic,ZA,AS328521,20190805
afrinic,NG,AS328522,20190807
afrinic,ZA,AS328523,20190807
afrinic,ZA,AS328524,20190812
afrinic,ZZ,AS328525,
afrinic,ZA,AS328526,20190819
afrinic,NG,AS328527,20190821
afrinic,NG,AS328528,20190822
afrinic,ZA,AS328529,20190823
afrinic,GH,AS328530,20190823
afrinic,SZ,AS328531,20190827
afrinic,GH,AS328532,20190902
afrinic,ZA,AS328533,20190902
afrinic,BF,AS328534,20190902
afrinic,SS,AS328535,20190906
afrinic,ZA,AS328536,20190910
afrinic,ZA,AS328537,20190910
afrinic,ZA,AS328538,20190912
afrinic,LY,AS328539,20190913
afrinic,MU,AS328540,20190913
afrinic,MA,AS328541,20190918
afrinic,CD,AS328542,20190918
afrinic,SC,AS328543,20190918
afrinic,ZA,AS328544,20190920
afrinic,TZ,AS328545,20190927
afrinic,SS,AS328546,20191001
afrinic,ZA,AS328547,20191002
afrinic,ZA,AS328548,20191003
afrinic,LR,AS328549,20191007
afrinic,SS,AS328550,20191010
afrinic,CD,AS328551,20191011
afrinic,CD,AS328552,20191014
afrinic,EG,AS328553,20191014
afrinic,ZA,AS328554,20191014
afrinic,NG,AS328555,20191015
afrinic,NG,AS328556,20191015
afrinic,TZ,AS328557,20191015
afrinic,SN,AS328558,20191016
afrinic,ZZ,AS328559,
afrinic,ZA,AS328560,20191016
afrinic,ZA,AS328561,20191023
afrinic,ZA,AS328562,20191025
afrinic,BI,AS328563,20191028
afrinic,NG,AS328564,20191028
afrinic,MW,AS328565,20191030
afrinic,CD,AS328566,20191031
afrinic,LS,AS328567,20191105
afrinic,ZA,AS328568,20191105
afrinic,CD,AS328569,20191108
afrinic,ZM,AS328570,20191111
afrinic,GH,AS328571,20191113
afrinic,ZZ,AS328572,
afrinic,ZZ,AS328573,
afrinic,GH,AS328574,20191115
afrinic,ZA,AS328575,20191118
afrinic,ZA,AS328576,20191118
afrinic,MA,AS328577,20191120
afrinic,KE,AS328578,20191120
afrinic,SL,AS328579,20191121
afrinic,NG,AS328580,20191122
afrinic,SL,AS328581,20191122
afrinic,ZZ,AS328582,
afrinic,ZA,AS328583,20191126
afrinic,ZZ,AS328584,
afrinic,NG,AS328585,20191127
afrinic,SS,AS328586,20191129
afrinic,EG,AS328587,20191205
afrinic,ZZ,AS328588,
afrinic,ZA,AS328589,20191216
afrinic,SO,AS328590,20191216
afrinic,MZ,AS328591,20191216
afrinic,KE,AS328592,20191223
afrinic,ZZ,AS328593,
afrinic,TD,AS328594,20191226
afrinic,LR,AS328595,20200106
afrinic,ZA,AS328596,20200107
afrinic,ZZ,AS328597,
afrinic,ZA,AS328598,20200107
afrinic,TD,AS328599,20200108
afrinic,MW,AS328600,20200110
afrinic,CD,AS328601,20200113
afrinic,NG,AS328602,20200121
afrinic,ZZ,AS328603,
afrinic,TD,AS328604,20200122
afrinic,SS,AS328605,20200123
afrinic,KE,AS328606,20200123
afrinic,TZ,AS328607,20200123
afrinic,ZA,AS328608,20200128
afrinic,NG,AS328609,20200131
afrinic,SS,AS328610,20200203
afrinic,LY,AS328611,20200205
afrinic,ZA,AS328612,20200206
afrinic,NG,AS328613,20200210
afrinic,SS,AS328614,20200212
afrinic,LY,AS328615,20200212
afrinic,UG,AS328616,20200214
afrinic,NG,AS328617,20200214
afrinic,CD,AS328618,20200217
afrinic,LY,AS328619,20200217
afrinic,CI,AS328620,20200220
afrinic,ZA,AS328621,20200220
afrinic,ZA,AS328622,20200220
afrinic,MU,AS328623,20200304
afrinic,ZA,AS328624,20200306
afrinic,ZZ,AS328625,
afrinic,ZZ,AS328626,
afrinic,BF,AS328627,20200316
afrinic,SZ,AS328628,20200318
afrinic,EG,AS328629,20200318
afrinic,NG,AS328630,20200318
afrinic,ZA,AS328631,20200324
afrinic,ZA,AS328632,20200327
afrinic,ZA,AS328633,20200327
afrinic,UG,AS328634,20200330
afrinic,CI,AS328635,20200402
afrinic,KE,AS328636,20200403
afrinic,KE,AS328637,20200408
afrinic,ZA,AS328638,20200410
afrinic,GH,AS328639,20200415
afrinic,ZA,AS328640,20200415
afrinic,ZA,AS328641,20200417
afrinic,ZZ,AS328642,
afrinic,ZA,AS328643,20200420
afrinic,ZA,AS328644,20200421
afrinic,EG,AS328645,20200422
afrinic,ZM,AS328646,20200424
afrinic,GH,AS328647,20200427
afrinic,GH,AS328648,20200427
afrinic,BF,AS328649,20200505
afrinic,SN,AS328650,20200505
afrinic,ZA,AS328651,20200505
afrinic,KE,AS328652,20200507
afrinic,BJ,AS328653,20200507
afrinic,EG,AS328654,20200507
afrinic,ZZ,AS328655,
afrinic,ZA,AS328656,20200507
afrinic,ZA,AS328657,20200512
afrinic,NG,AS328658,20200512
afrinic,GH,AS328659,20200518
afrinic,ZA,AS328660,20200522
afrinic,ZA,AS328661,20200522
afrinic,GH,AS328662,20200525
afrinic,GH,AS328663,20200528
afrinic,ZZ,AS328664,
afrinic,ZM,AS328665,20200529
afrinic,CM,AS328666,20200602
afrinic,SN,AS328667,20200602
afrinic,NG,AS328668,20200608
afrinic,AO,AS328669,20200610
afrinic,ZA,AS328670,20200610
afrinic,MA,AS328671,20200611
afrinic,ZA,AS328672,20200612
afrinic,KE,AS328673,20200612
afrinic,ZA,AS328674,20200615
afrinic,ZA,AS328675,20200616
afrinic,TZ,AS328676,20200617
afrinic,ZA,AS328677,20200617
afrinic,ZZ,AS328678,
afrinic,TD,AS328679,20200622
afrinic,ZZ,AS328680,
afrinic,ZZ,AS328681,
afrinic,ZZ,AS328682,
afrinic,ZZ,AS328683,
afrinic,ZZ,AS328684,
afrinic,ZZ,AS328685,
afrinic,ZZ,AS328686,
afrinic,ZZ,AS328687,
afrinic,ZZ,AS328688,
afrinic,ZZ,AS328689,
afrinic,SZ,AS328690,20200622
afrinic,ZA,AS328691,20200624
afrinic,ZZ,AS328692,
afrinic,ZA,AS328693,20200706
afrinic,ZA,AS328694,20200707
afrinic,ZA,AS328695,20200710
afrinic,NG,AS328696,20200714
afrinic,SS,AS328697,20200714
afrinic,ZA,AS328698,20200714
afrinic,MU,AS328699,20200714
afrinic,TZ,AS328700,20200428
afrinic,MU,AS328701,20200715
afrinic,BJ,AS328702,20200715
afrinic,SC,AS328703,20200716
afrinic,ZA,AS328704,20200717
afrinic,KE,AS328705,20200717
afrinic,ZA,AS328706,20200720
afrinic,UG,AS328707,20200722
afrinic,SS,AS328708,20200724
afrinic,MA,AS328709,20200724
afrinic,ZA,AS328710,20200731
afrinic,ZA,AS328711,20200805
afrinic,ZA,AS328712,20200807
afrinic,ZA,AS328713,20200810
afrinic,ZA,AS328714,20200811
afrinic,ZA,AS328715,20200812
afrinic,BF,AS328716,20200818
afrinic,GH,AS328717,20200818
afrinic,AO,AS328718,20200821
afrinic,ZA,AS328719,20200824
afrinic,ZA,AS328720,20200824
afrinic,BF,AS328721,20200824
afrinic,NG,AS328722,20200827
afrinic,ZA,AS328723,20200901
afrinic,KE,AS328724,20200903
afrinic,AO,AS328725,20200907
afrinic,ZZ,AS328726,
afrinic,UG,AS328727,20200909
afrinic,MU,AS328728,20200909
afrinic,CI,AS328729,20200909
afrinic,ZA,AS328730,20200910
afrinic,ZZ,AS328731,
afrinic,ZA,AS328732,20200914
afrinic,LY,AS328733,20200914
afrinic,KE,AS328734,20200914
afrinic,ZA,AS328735,20200916
afrinic,ZA,AS328736,20200916
afrinic,BW,AS328737,20200917
afrinic,MW,AS328738,20200918
afrinic,KE,AS328739,20200918
afrinic,ZZ,AS328740,
afrinic,ZA,AS328741,20201001
afrinic,NG,AS328742,20201009
afrinic,LY,AS328743,20201009
afrinic,ZA,AS328744,20201013
afrinic,ZA,AS328745,20201014
afrinic,NG,AS328746,20201014
afrinic,ZA,AS328747,20201016
afrinic,ZA,AS328748,20201016
afrinic,ZA,AS328749,20201016
afrinic,ZA,AS328750,20201026
afrinic,TZ,AS328751,20201027
afrinic,GH,AS328752,20201028
afrinic,KE,AS328753,20201028
afrinic,UG,AS328754,20201030
afrinic,SS,AS328755,20201030
afrinic,ZZ,AS328756,
afrinic,BW,AS328757,20201103
afrinic,MU,AS328758,20201106
afrinic,ZZ,AS328759,
afrinic,ZA,AS328760,20201111
afrinic,ZA,AS328761,20201112
afrinic,EG,AS328762,20201117
afrinic,ZA,AS328763,20201119
afrinic,NG,AS328764,20201123
afrinic,ZZ,AS328765,
afrinic,NG,AS328766,20201123
afrinic,ZA,AS328767,20201202
afrinic,MW,AS328768,20201202
afrinic,GH,AS328769,20201202
afrinic,GH,AS328770,20201214
afrinic,ZZ,AS328771,
afrinic,ZA,AS328772,20201214
afrinic,ZZ,AS328773,
afrinic,ZA,AS328774,20201214
afrinic,TZ,AS328775,20201214
afrinic,NG,AS328776,20201216
afrinic,ZA,AS328777,20201217
afrinic,ZA,AS328778,20201222
afrinic,NG,AS328779,20201222
afrinic,NG,AS328780,20201223
afrinic,ZZ,AS328781,
afrinic,KE,AS328782,20210106
afrinic,TZ,AS328783,20210107
afrinic,KE,AS328784,20210111
afrinic,ZA,AS328785,20210112
afrinic,EG,AS328786,20210112
afrinic,ZA,AS328787,20210119
afrinic,ZA,AS328788,20210120
afrinic,NG,AS328789,20210121
afrinic,ZA,AS328790,20210121
afrinic,ZA,AS328791,20210125
afrinic,AO,AS328792,20210126
afrinic,KE,AS328793,20210203
afrinic,EG,AS328794,20210208
afrinic,ZA,AS328795,20210209
afrinic,CD,AS328796,20210211
afrinic,GH,AS328797,20210211
afrinic,ZA,AS328798,20210216
afrinic,MA,AS328799,20210216
afrinic,KE,AS328800,20210223
afrinic,KE,AS328801,20210224
afrinic,ZA,AS328802,20210225
afrinic,ZA,AS328803,20210225
afrinic,KE,AS328804,20210225
afrinic,TZ,AS328805,20210226
afrinic,ZA,AS328806,20210226
afrinic,ZA,AS328807,20210226
afrinic,KE,AS328808,20210301
afrinic,CI,AS328809,20210303
afrinic,ZA,AS328810,20210303
afrinic,MW,AS328811,20210304
afrinic,ZA,AS328812,20210315
afrinic,UG,AS328813,20210315
afrinic,ZZ,AS328814,
afrinic,KE,AS328815,20210318
afrinic,ZA,AS328816,20210318
afrinic,ZM,AS328817,20210319
afrinic,ZA,AS328818,20210319
afrinic,ZA,AS328819,20210322
afrinic,ZA,AS328820,20210322
afrinic,UG,AS328821,20210324
afrinic,ZA,AS328822,20210324
afrinic,NG,AS328823,20210325
afrinic,SD,AS328824,20210329
afrinic,NG,AS328825,20210331
afrinic,ZA,AS328826,20210331
afrinic,GH,AS328827,20210409
afrinic,ZZ,AS328828,
afrinic,ZA,AS328829,20210409
afrinic,ZA,AS328830,20210409
afrinic,ZA,AS328831,20210411
afrinic,ZA,AS328832,20210411
afrinic,NG,AS328833,20210414
afrinic,NG,AS328834,20210414
afrinic,KE,AS328835,20210417
afrinic,KE,AS328836,20210418
afrinic,ZA,AS328837,20210418
afrinic,TZ,AS328838,20210418
afrinic,ZA,AS328839,20210418
afrinic,CM,AS328840,20210422
afrinic,ZA,AS328841,20210426
afrinic,GH,AS328842,20210426
afrinic,ZA,AS328843,20210427
afrinic,MW,AS328844,20210429
afrinic,TZ,AS328845,20210429
afrinic,KE,AS328846,20210430
afrinic,KE,AS328847,20210505
afrinic,ZA,AS328848,20210511
afrinic,TZ,AS328849,20210512
afrinic,MR,AS328850,20210512
afrinic,ZA,AS328851,20210517
afrinic,NG,AS328852,20210519
afrinic,TN,AS328853,20210520
afrinic,NG,AS328854,20210520
afrinic,ZA,AS328855,20210521
afrinic,KE,AS328856,20210521
afrinic,CG,AS328857,20210521
afrinic,KE,AS328858,20210528
afrinic,TG,AS328859,20210528
afrinic,ZZ,AS328860,
afrinic,NG,AS328861,20210531
afrinic,KE,AS328862,20210602
afrinic,ZA,AS328863,20210602
afrinic,RW,AS328864,20210602
afrinic,TZ,AS328865,20210607
afrinic,CM,AS328866,20210607
afrinic,MA,AS328867,20210608
afrinic,ZA,AS328868,20210608
afrinic,BW,AS328869,20210609
afrinic,ZA,AS328870,20210609
afrinic,ZA,AS328871,20210614
afrinic,ZA,AS328872,20210614
afrinic,NG,AS328873,20210614
afrinic,ZA,AS328874,20210616
afrinic,NG,AS328875,20210616
afrinic,EG,AS328876,20210618
afrinic,AO,AS328877,20210621
afrinic,CM,AS328878,20210623
afrinic,ZZ,AS328879,
afrinic,TN,AS328880,20210625
afrinic,NG,AS328881,20210625
afrinic,ZA,AS328882,20210625
afrinic,KE,AS328883,20210630
afrinic,ZA,AS328884,20210707
afrinic,TZ,AS328885,20210707
afrinic,AO,AS328886,20210714
afrinic,GH,AS328887,20210715
afrinic,ZA,AS328888,20210716
afrinic,ZA,AS328889,20210719
afrinic,GH,AS328890,20210721
afrinic,GH,AS328891,20210721
afrinic,KE,AS328892,20210721
afrinic,AO,AS328893,20210722
afrinic,ZA,AS328894,20210723
afrinic,TZ,AS328895,20210723
afrinic,GH,AS328896,20210723
afrinic,TN,AS328897,20210725
afrinic,BF,AS328898,20210726
afrinic,GN,AS328899,20210728
afrinic,ZA,AS328900,20210728
afrinic,ZZ,AS328901,
afrinic,ZA,AS328902,20210730
afrinic,CI,AS328903,20210730
afrinic,UG,AS328904,20210805
afrinic,NG,AS328905,20210805
afrinic,KE,AS328906,20210805
afrinic,AO,AS328907,20210806
afrinic,TD,AS328908,20210810
afrinic,CM,AS328909,20210813
afrinic,ZA,AS328910,20210815
afrinic,ZA,AS328911,20210815
afrinic,ZA,AS328912,20210815
afrinic,CM,AS328913,20210816
afrinic,GH,AS328914,20210817
afrinic,ZA,AS328915,20210817
afrinic,ZA,AS328916,20210819
afrinic,ZA,AS328917,20210819
afrinic,NG,AS328918,20210819
afrinic,MW,AS328919,20210819
afrinic,CM,AS328920,20210825
afrinic,DZ,AS328921,20210826
afrinic,RW,AS328922,20210827
afrinic,GN,AS328923,20210830
afrinic,ZZ,AS328924,
afrinic,ZA,AS328925,20210831
afrinic,LY,AS328926,20210831
afrinic,EG,AS328927,20210901
afrinic,CD,AS328928,20210906
afrinic,ZA,AS328929,20210907
afrinic,TZ,AS328930,20210908
afrinic,ZA,AS328931,20210914
afrinic,NG,AS328932,20210914
afrinic,ZA,AS328933,20210914
afrinic,ZA,AS328934,20210914
afrinic,ZA,AS328935,20210915
afrinic,SD,AS328936,20210915
afrinic,CM,AS328937,20210916
afrinic,NG,AS328938,20210922
afrinic,UG,AS328939,20210922
afrinic,NG,AS328940,20210926
afrinic,CV,AS328941,20210928
afrinic,ZA,AS328942,20210929
afrinic,AO,AS328943,20210930
afrinic,KE,AS328944,20210930
afrinic,NG,AS328945,20210930
afrinic,ZA,AS328946,20210930
afrinic,ZA,AS328947,20211001
afrinic,ZA,AS328948,20211005
afrinic,MW,AS328949,20211005
afrinic,TZ,AS328950,20211008
afrinic,NG,AS328951,20211008
afrinic,ZA,AS328952,20211008
afrinic,SO,AS328953,20211008
afrinic,SO,AS328954,20211009
afrinic,GH,AS328955,20211013
afrinic,TD,AS328956,20211013
afrinic,GH,AS328957,20211014
afrinic,SC,AS328958,20211014
afrinic,SO,AS328959,20211015
afrinic,MA,AS328960,20211015
afrinic,ZA,AS328961,20211015
afrinic,ZA,AS328962,20211018
afrinic,ZA,AS328963,20211019
afrinic,ZA,AS328964,20211019
afrinic,GN,AS328965,20211025
afrinic,ZA,AS328966,20211025
afrinic,BF,AS328967,20211026
afrinic,ZA,AS328968,20211101
afrinic,EG,AS328969,20211103
afrinic,ZA,AS328970,20211103
afrinic,NG,AS328971,20211105
afrinic,EG,AS328972,20211111
afrinic,ZA,AS328973,20211111
afrinic,ZA,AS328974,20211111
afrinic,KE,AS328975,20211115
afrinic,NG,AS328976,20211116
afrinic,KE,AS328977,20211119
afrinic,KE,AS328978,20211119
afrinic,AO,AS328979,20211119
afrinic,TZ,AS328980,20211119
afrinic,CD,AS328981,20211126
afrinic,RW,AS328982,20211129
afrinic,GH,AS328983,20211202
afrinic,GH,AS328984,20211202
afrinic,ZA,AS328985,20211202
afrinic,KE,AS328986,20211203
afrinic,KE,AS328987,20211209
afrinic,ET,AS328988,20211210
afrinic,KE,AS328989,20211210
afrinic,ZA,AS328990,20211213
afrinic,ZA,AS328991,20211215
afrinic,CI,AS328992,20211223
afrinic,KE,AS328993,20211227
afrinic,KE,AS328994,20220105
afrinic,CM,AS328995,20220113
afrinic,BW,AS328996,20220121
afrinic,MR,AS328997,20220121
afrinic,UG,AS328998,20220124
afrinic,NG,AS328999,20220125
afrinic,UG,AS329000,20220125
afrinic,NG,AS329001,20220125
afrinic,KE,AS329002,20220125
afrinic,EG,AS329003,20220126
afrinic,MR,AS329004,20220128
afrinic,UG,AS329005,20220128
afrinic,ZW,AS329006,20220128
afrinic,AO,AS329007,20220131
afrinic,ZZ,AS329008,
afrinic,GH,AS329009,20220208
afrinic,TG,AS329010,20220209
afrinic,AO,AS329011,20220209
afrinic,ZA,AS329012,20220214
afrinic,TZ,AS329013,20220218
afrinic,KE,AS329014,20220225
afrinic,NG,AS329015,20220228
afrinic,ZA,AS329016,20220228
afrinic,CD,AS329017,20220302
afrinic,ZA,AS329018,20220310
afrinic,NG,AS329019,20220310
afrinic,SS,AS329020,20220310
afrinic,KE,AS329021,20220310
afrinic,NG,AS329022,20220311
afrinic,NG,AS329023,20220315
afrinic,NG,AS329024,20220315
afrinic,ZM,AS329025,20220317
afrinic,KE,AS329026,20220317
afrinic,LY,AS329027,20220317
afrinic,ZA,AS329028,20220318
afrinic,KE,AS329029,20220321
afrinic,SD,AS329030,20220322
afrinic,NG,AS329031,20220323
afrinic,ZA,AS329032,20220323
afrinic,KE,AS329033,20220325
afrinic,TZ,AS329034,20220325
afrinic,ZA,AS329035,20220325
afrinic,ZA,AS329036,20220329
afrinic,CI,AS329037,20220331
afrinic,ZA,AS329038,20220331
afrinic,ZA,AS329039,20220331
afrinic,CV,AS329040,20220331
afrinic,BF,AS329041,20220331
afrinic,ZA,AS329042,20220331
afrinic,ZA,AS329043,20220407
afrinic,KE,AS329044,20220408
afrinic,ZA,AS329045,20220408
afrinic,ZA,AS329046,20220411
afrinic,ZA,AS329047,20220415
afrinic,MR,AS329048,20220418
afrinic,ZA,AS329049,20220418
afrinic,NG,AS329050,20220419
afrinic,NG,AS329051,20220420
afrinic,NG,AS329052,20220421
afrinic,ZA,AS329053,20220421
afrinic,NG,AS329054,20220421
afrinic,BJ,AS329055,20220421
afrinic,ZA,AS329056,20220427
afrinic,NG,AS329057,20220430
afrinic,ZA,AS329058,20220506
afrinic,AO,AS329059,20220511
afrinic,GQ,AS329060,20220512
afrinic,ZA,AS329061,20220513
afrinic,ZA,AS329062,20220517
afrinic,ZA,AS329063,20220517
afrinic,ZA,AS329064,20220519
afrinic,AO,AS329065,20220520
afrinic,GH,AS329066,20220522
afrinic,NA,AS329067,20220526
afrinic,ZA,AS329068,20220526
afrinic,MU,AS329069,20220531
afrinic,ZA,AS329070,20220531
afrinic,TN,AS329071,20220606
afrinic,MG,AS329072,20220608
afrinic,ZW,AS329073,20220608
afrinic,KE,AS329074,20220608
afrinic,ZA,AS329075,20220608
afrinic,SS,AS329076,20220608
afrinic,CM,AS329077,20220608
afrinic,BW,AS329078,20220610
afrinic,LY,AS329079,20220610
afrinic,ZA,AS329080,20220610
afrinic,ZA,AS329081,20220610
afrinic,LR,AS329082,20220610
afrinic,NG,AS329083,20220614
afrinic,ZA,AS329084,20220614
afrinic,BJ,AS329085,20220614
afrinic,BJ,AS329086,20220620
afrinic,KE,AS329087,20220621
afrinic,ZA,AS329088,20220621
afrinic,ZA,AS329089,20220621
afrinic,LY,AS329090,20220628
afrinic,ZA,AS329091,20220630
afrinic,ZZ,AS329092,
afrinic,KE,AS329093,20220706
afrinic,SS,AS329094,20220706
afrinic,SZ,AS329095,20220706
afrinic,CD,AS329096,20220706
afrinic,ZA,AS329097,20220707
afrinic,ZA,AS329098,20220711
afrinic,NG,AS329099,20220711
afrinic,NG,AS329100,20220714
afrinic,KE,AS329101,20220714
afrinic,ZA,AS329102,20220718
afrinic,NE,AS329103,20220719
afrinic,RW,AS329104,20220719
afrinic,ZM,AS329105,20220720
afrinic,ZA,AS329106,20220721
afrinic,BJ,AS329107,20220721
afrinic,AO,AS329108,20220722
afrinic,SL,AS329109,20220727
afrinic,KE,AS329110,20220729
afrinic,KE,AS329111,20220729
afrinic,ZA,AS329112,20220731
afrinic,ZA,AS329113,20220808
afrinic,EG,AS329114,20220810
afrinic,NA,AS329115,20220810
afrinic,ZA,AS329116,20220811
afrinic,ZA,AS329117,20220811
afrinic,GA,AS329118,20220812
afrinic,MR,AS329119,20220812
afrinic,NG,AS329120,20220817
afrinic,ZA,AS329121,20220822
afrinic,ZA,AS329122,20220825
afrinic,NG,AS329123,20220826
afrinic,ZA,AS329124,20220829
afrinic,ZA,AS329125,20220829
afrinic,ZA,AS329126,20220906
afrinic,NG,AS329127,20220907
afrinic,UG,AS329128,20220909
afrinic,LY,AS329129,20220909
afrinic,LY,AS329130,20220909
afrinic,EG,AS329131,20220912
afrinic,EG,AS329132,20220912
afrinic,ZA,AS329133,20220912
afrinic,UG,AS329134,20220914
afrinic,KE,AS329135,20220916
afrinic,ZA,AS329136,20220919
afrinic,UG,AS329137,20220922
afrinic,CV,AS329138,20220923
afrinic,ZA,AS329139,20220923
afrinic,DJ,AS329140,20220923
afrinic,NG,AS329141,20220923
afrinic,NG,AS329142,20220926
afrinic,ZA,AS329143,20220926
afrinic,ZA,AS329144,20220927
afrinic,NG,AS329145,20221003
afrinic,RW,AS329146,20221005
afrinic,ZA,AS329147,20221005
afrinic,NG,AS329148,20221005
afrinic,ZA,AS329149,20221005
afrinic,NG,AS329150,20221005
afrinic,ZA,AS329151,20221010
afrinic,KE,AS329152,20221011
afrinic,ZA,AS329153,20221011
afrinic,GH,AS329154,20221011
afrinic,TZ,AS329155,20221012
afrinic,BJ,AS329156,20221013
afrinic,KE,AS329157,20221013
afrinic,TD,AS329158,20221013
afrinic,ZA,AS329159,20221013
afrinic,LY,AS329160,20221014
afrinic,SN,AS329161,20221017
afrinic,SS,AS329162,20221018
afrinic,SO,AS329163,20221018
afrinic,NG,AS329164,20221018
afrinic,ZA,AS329165,20221019
afrinic,ZA,AS329166,20221019
afrinic,KE,AS329167,20221019
afrinic,SS,AS329168,20221031
afrinic,GH,AS329169,20221107
afrinic,KE,AS329170,20221107
afrinic,NG,AS329171,20221107
afrinic,TZ,AS329172,20221109
afrinic,CV,AS329173,20221116
afrinic,KE,AS329174,20221118
afrinic,ZA,AS329175,20221121
afrinic,GH,AS329176,20221121
afrinic,KE,AS329177,20221121
afrinic,TZ,AS329178,20221123
afrinic,GM,AS329179,20221124
afrinic,GH,AS329180,20221125
afrinic,ZA,AS329181,20221129
afrinic,NG,AS329182,20221207
afrinic,KE,AS329183,20221208
afrinic,ZA,AS329184,20221208
afrinic,BW,AS329185,20221208
afrinic,TN,AS329186,20221209
afrinic,MU,AS329187,20221212
afrinic,ZA,AS329188,20221213
afrinic,RW,AS329189,20221214
afrinic,KE,AS329190,20221214
afrinic,NG,AS329191,20221214
afrinic,KE,AS329192,20221216
afrinic,ZA,AS329193,20221219
afrinic,AO,AS329194,20221220
afrinic,ZA,AS329195,20221220
afrinic,ZA,AS329196,20221220
afrinic,ZA,AS329197,20221221
afrinic,KE,AS329198,20221222
afrinic,NG,AS329199,20221222
afrinic,BJ,AS329200,20221228
afrinic,KE,AS329201,20230110
afrinic,ZA,AS329202,20230112
afrinic,NE,AS329203,20230113
afrinic,KE,AS329204,20230116
afrinic,KE,AS329205,20230118
afrinic,ZA,AS329206,20230120
afrinic,TD,AS329207,20230120
afrinic,ZA,AS329208,20230123
afrinic,AO,AS329209,20230124
afrinic,AO,AS329210,20230127
afrinic,KE,AS329211,20230203
afrinic,ZA,AS329212,20230208
afrinic,MA,AS329213,20230208
afrinic,ZA,AS329214,20230208
afrinic,NG,AS329215,20230208
afrinic,ZA,AS329216,20230209
afrinic,BJ,AS329217,20230213
afrinic,NG,AS329218,20230215
afrinic,GQ,AS329219,20230217
afrinic,MW,AS329220,20230221
afrinic,TZ,AS329221,20230222
afrinic,ZA,AS329222,20230223
afrinic,SZ,AS329223,20230306
afrinic,NE,AS329224,20230306
afrinic,SC,AS329225,20230307
afrinic,ET,AS329226,20230309
afrinic,ET,AS329227,20230309
afrinic,ZA,AS329228,20230313
afrinic,ZA,AS329229,20230313
afrinic,NG,AS329230,20230313
afrinic,ZA,AS329231,20230314
afrinic,ZW,AS329232,20230314
afrinic,NG,AS329233,20230324
afrinic,ZA,AS329234,20230328
afrinic,NG,AS329235,20230329
afrinic,NG,AS329236,20230330
afrinic,ZA,AS329237,20230330
afrinic,GH,AS329238,20230331
afrinic,KE,AS329239,20230331
afrinic,ZA,AS329240,20230331
afrinic,NG,AS329241,20230331
afrinic,TZ,AS329242,20230405
afrinic,ZA,AS329243,20230406
afrinic,NG,AS329244,20230407
afrinic,CV,AS329245,20230414
afrinic,KE,AS329246,20230414
afrinic,ZA,AS329247,20230414
afrinic,ZA,AS329248,20230414
afrinic,ZA,AS329249,20230417
afrinic,CI,AS329250,20230418
afrinic,TZ,AS329251,20230419
afrinic,LY,AS329252,20230421
afrinic,UG,AS329253,20230421
afrinic,KE,AS329254,20230421
afrinic,KE,AS329255,20230425
afrinic,NG,AS329256,20230502
afrinic,KE,AS329257,20230503
afrinic,NG,AS329258,20230511
afrinic,ZA,AS329259,20230511
afrinic,MW,AS329260,20230512
afrinic,KE,AS329261,20230512
afrinic,KE,AS329262,20230517
afrinic,LY,AS329263,20230525
afrinic,ZA,AS329264,20230525
afrinic,ET,AS329265,20230525
afrinic,ZA,AS329266,20230525
afrinic,NG,AS329267,20230530
afrinic,TN,AS329268,20230530
afrinic,CD,AS329269,20230606
afrinic,AO,AS329270,20230606
afrinic,ZW,AS329271,20230606
afrinic,KE,AS329272,20230612
afrinic,NG,AS329273,20230619
afrinic,CF,AS329274,20230619
afrinic,NG,AS329275,20230619
afrinic,ZA,AS329276,20230620
afrinic,ZA,AS329277,20230620
afrinic,KE,AS329278,20230625
afrinic,ZA,AS329279,20230626
afrinic,MA,AS329280,20230628
afrinic,CV,AS329281,20230704
afrinic,ZA,AS329282,20230704
afrinic,ZA,AS329283,20230705
afrinic,ZA,AS329284,20230706
afrinic,NG,AS329285,20230710
afrinic,AO,AS329286,20230710
afrinic,CD,AS329287,20230710
afrinic,KE,AS329288,20230710
afrinic,ZA,AS329289,20230712
afrinic,ZA,AS329290,20230717
afrinic,ZA,AS329291,20230718
afrinic,TZ,AS329292,20230721
afrinic,GN,AS329293,20230724
afrinic,ZA,AS329294,20230724
afrinic,ZA,AS329295,20230724
afrinic,ZA,AS329296,20230725
afrinic,LY,AS329297,20230728
afrinic,ZA,AS329298,20230728
afrinic,NG,AS329299,20230802
afrinic,ZA,AS329300,20230806
afrinic,BW,AS329301,20230809
afrinic,KE,AS329302,20230810
afrinic,ZA,AS329303,20230815
afrinic,TZ,AS329304,20230818
afrinic,ZA,AS329305,20230818
afrinic,BF,AS329306,20230818
afrinic,NG,AS329307,20230818
afrinic,NG,AS329308,20230818
afrinic,GH,AS329309,20230821
afrinic,MZ,AS329310,20230822
afrinic,KE,AS329311,20230822
afrinic,TD,AS329312,20230824
afrinic,KE,AS329313,20230824
afrinic,MG,AS329314,20230824
afrinic,NG,AS329315,20230829
afrinic,ZA,AS329316,20230829
afrinic,ZA,AS329317,20230829
afrinic,ZA,AS329318,20230829
afrinic,ZA,AS329319,20230831
afrinic,ZZ,AS329320,
afrinic,ZZ,AS329321,
afrinic,TZ,AS329322,20230831
afrinic,ZA,AS329323,20230904
afrinic,KE,AS329324,20230905
afrinic,EG,AS329325,20230907
afrinic,GH,AS329326,20230908
afrinic,ET,AS329327,20230912
afrinic,ZA,AS329328,20230912
afrinic,GM,AS329329,20230912
afrinic,AO,AS329330,20231002
afrinic,ZA,AS329331,20231002
afrinic,GH,AS329332,20231002
afrinic,MW,AS329333,20231003
afrinic,ZA,AS329334,20231003
afrinic,MW,AS329335,20231003
afrinic,EG,AS329336,20231004
afrinic,MA,AS329337,20231004
afrinic,GH,AS329338,20231016
afrinic,BW,AS329339,20231016
afrinic,ZA,AS329340,20231016
afrinic,KE,AS329341,20231016
afrinic,CD,AS329342,20231017
afrinic,SO,AS329343,20231017
afrinic,SD,AS329344,20231017
afrinic,ZA,AS329345,20231017
afrinic,ZA,AS329346,20231017
afrinic,NG,AS329347,20231017
afrinic,ZA,AS329348,20231018
afrinic,NG,AS329349,20231020
afrinic,ZA,AS329350,20231024
afrinic,ZA,AS329351,20231025
afrinic,EG,AS329352,20231030
afrinic,CI,AS329353,20231030
afrinic,KE,AS329354,20231030
afrinic,ZA,AS329355,20231031
afrinic,AO,AS329356,20231103
afrinic,AO,AS329357,20231103
afrinic,EG,AS329358,20231106
afrinic,EG,AS329359,20231106
afrinic,ZA,AS329360,20231109
afrinic,NG,AS329361,20231110
afrinic,CD,AS329362,20231113
afrinic,ZA,AS329363,20231113
afrinic,CD,AS329364,20231113
afrinic,NG,AS329365,20231115
afrinic,ZA,AS329366,20231115
afrinic,KE,AS329367,20231117
afrinic,ZA,AS329368,20231120
afrinic,ZA,AS329369,20231121
afrinic,AO,AS329370,20231121
afrinic,ZA,AS329371,20231122
afrinic,CI,AS329372,20231129
afrinic,KE,AS329373,20231130
afrinic,UG,AS329374,20231204
afrinic,CM,AS329375,20231204
afrinic,ZW,AS329376,20231205
afrinic,UG,AS329377,20231205
afrinic,KE,AS329378,20231206
afrinic,KE,AS329379,20231207
afrinic,CM,AS329380,20231211
afrinic,BW,AS329381,20231214
afrinic,KE,AS329382,20231220
afrinic,ZM,AS329383,20231228
afrinic,ZA,AS329384,20231228
afrinic,ZZ,AS329385,
afrinic,ZZ,AS329386,
afrinic,ZZ,AS329387,
afrinic,ZZ,AS329388,
afrinic,ZZ,AS329389,
afrinic,ZZ,AS329390,
afrinic,ZZ,AS329391,
afrinic,ZZ,AS329392,
afrinic,ZZ,AS329393,
afrinic,ZZ,AS329394,
afrinic,ZZ,AS329395,
afrinic,ZZ,AS329396,
afrinic,ZZ,AS329397,
afrinic,ZZ,AS329398,
afrinic,ZZ,AS329399,
afrinic,ZZ,AS329400,
afrinic,ZZ,AS329401,
afrinic,ZZ,AS329402,
afrinic,ZZ,AS329403,
afrinic,ZZ,AS329404,
afrinic,ZZ,AS329405,
afrinic,ZZ,AS329406,
afrinic,ZZ,AS329407,
afrinic,ZZ,AS329408,
afrinic,ZZ,AS329409,
afrinic,ZZ,AS329410,
afrinic,ZZ,AS329411,
afrinic,ZZ,AS329412,
afrinic,ZZ,AS329413,
afrinic,ZZ,AS329414,
afrinic,ZZ,AS329415,
afrinic,ZZ,AS329416,
afrinic,ZZ,AS329417,
afrinic,ZZ,AS329418,
afrinic,ZZ,AS329419,
afrinic,ZZ,AS329420,
afrinic,ZZ,AS329421,
afrinic,ZZ,AS329422,
afrinic,ZZ,AS329423,
afrinic,ZZ,AS329424,
afrinic,ZZ,AS329425,
afrinic,ZZ,AS329426,
afrinic,ZZ,AS329427,
afrinic,ZZ,AS329428,
afrinic,ZZ,AS329429,
afrinic,ZZ,AS329430,
afrinic,ZZ,AS329431,
afrinic,ZZ,AS329432,
afrinic,ZZ,AS329433,
afrinic,ZZ,AS329434,
afrinic,ZZ,AS329435,
afrinic,ZZ,AS329436,
afrinic,ZZ,AS329437,
afrinic,ZZ,AS329438,
afrinic,ZZ,AS329439,
afrinic,ZZ,AS329440,
afrinic,ZZ,AS329441,
afrinic,ZZ,AS329442,
afrinic,ZZ,AS329443,
afrinic,ZZ,AS329444,
afrinic,ZZ,AS329445,
afrinic,ZZ,AS329446,
afrinic,ZZ,AS329447,
afrinic,ZZ,AS329448,
afrinic,ZZ,AS329449,
afrinic,ZZ,AS329450,
afrinic,ZZ,AS329451,
afrinic,ZZ,AS329452,
afrinic,ZZ,AS329453,
afrinic,ZZ,AS329454,
afrinic,ZZ,AS329455,
afrinic,ZZ,AS329456,
afrinic,ZZ,AS329457,
afrinic,ZZ,AS329458,
afrinic,ZZ,AS329459,
afrinic,ZZ,AS329460,
afrinic,ZZ,AS329461,
afrinic,ZZ,AS329462,
afrinic,ZZ,AS329463,
afrinic,ZZ,AS329464,
afrinic,ZZ,AS329465,
afrinic,ZZ,AS329466,
afrinic,ZZ,AS329467,
afrinic,ZZ,AS329468,
afrinic,ZZ,AS329469,
afrinic,ZZ,AS329470,
afrinic,ZZ,AS329471,
afrinic,ZZ,AS329472,
afrinic,ZZ,AS329473,
afrinic,ZZ,AS329474,
afrinic,ZZ,AS329475,
afrinic,ZZ,AS329476,
afrinic,ZZ,AS329477,
afrinic,ZZ,AS329478,
afrinic,ZZ,AS329479,
afrinic,ZZ,AS329480,
afrinic,ZZ,AS329481,
afrinic,ZZ,AS329482,
afrinic,ZZ,AS329483,
afrinic,ZZ,AS329484,
afrinic,ZZ,AS329485,
afrinic,ZZ,AS329486,
afrinic,ZZ,AS329487,
afrinic,ZZ,AS329488,
afrinic,ZZ,AS329489,
afrinic,ZZ,AS329490,
afrinic,ZZ,AS329491,
afrinic,ZZ,AS329492,
afrinic,ZZ,AS329493,
afrinic,ZZ,AS329494,
afrinic,ZZ,AS329495,
afrinic,ZZ,AS329496,
afrinic,ZZ,AS329497,
afrinic,ZZ,AS329498,
afrinic,ZZ,AS329499,
afrinic,ZZ,AS329500,
afrinic,ZZ,AS329501,
afrinic,ZZ,AS329502,
afrinic,ZZ,AS329503,
afrinic,ZZ,AS329504,
afrinic,ZZ,AS329505,
afrinic,ZZ,AS329506,
afrinic,ZZ,AS329507,
afrinic,ZZ,AS329508,
afrinic,ZZ,AS329509,
afrinic,ZZ,AS329510,
afrinic,ZZ,AS329511,
afrinic,ZZ,AS329512,
afrinic,ZZ,AS329513,
afrinic,ZZ,AS329514,
afrinic,ZZ,AS329515,
afrinic,ZZ,AS329516,
afrinic,ZZ,AS329517,
afrinic,ZZ,AS329518,
afrinic,ZZ,AS329519,
afrinic,ZZ,AS329520,
afrinic,ZZ,AS329521,
afrinic,ZZ,AS329522,
afrinic,ZZ,AS329523,
afrinic,ZZ,AS329524,
afrinic,ZZ,AS329525,
afrinic,ZZ,AS329526,
afrinic,ZZ,AS329527,
afrinic,ZZ,AS329528,
afrinic,ZZ,AS329529,
afrinic,ZZ,AS329530,
afrinic,ZZ,AS329531,
afrinic,ZZ,AS329532,
afrinic,ZZ,AS329533,
afrinic,ZZ,AS329534,
afrinic,ZZ,AS329535,
afrinic,ZZ,AS329536,
afrinic,ZZ,AS329537,
afrinic,ZZ,AS329538,
afrinic,ZZ,AS329539,
afrinic,ZZ,AS329540,
afrinic,ZZ,AS329541,
afrinic,ZZ,AS329542,
afrinic,ZZ,AS329543,
afrinic,ZZ,AS329544,
afrinic,ZZ,AS329545,
afrinic,ZZ,AS329546,
afrinic,ZZ,AS329547,
afrinic,ZZ,AS329548,
afrinic,ZZ,AS329549,
afrinic,ZZ,AS329550,
afrinic,ZZ,AS329551,
afrinic,ZZ,AS329552,
afrinic,ZZ,AS329553,
afrinic,ZZ,AS329554,
afrinic,ZZ,AS329555,
afrinic,ZZ,AS329556,
afrinic,ZZ,AS329557,
afrinic,ZZ,AS329558,
afrinic,ZZ,AS329559,
afrinic,ZZ,AS329560,
afrinic,ZZ,AS329561,
afrinic,ZZ,AS329562,
afrinic,ZZ,AS329563,
afrinic,ZZ,AS329564,
afrinic,ZZ,AS329565,
afrinic,ZZ,AS329566,
afrinic,ZZ,AS329567,
afrinic,ZZ,AS329568,
afrinic,ZZ,AS329569,
afrinic,ZZ,AS329570,
afrinic,ZZ,AS329571,
afrinic,ZZ,AS329572,
afrinic,ZZ,AS329573,
afrinic,ZZ,AS329574,
afrinic,ZZ,AS329575,
afrinic,ZZ,AS329576,
afrinic,ZZ,AS329577,
afrinic,ZZ,AS329578,
afrinic,ZZ,AS329579,
afrinic,ZZ,AS329580,
afrinic,ZZ,AS329581,
afrinic,ZZ,AS329582,
afrinic,ZZ,AS329583,
afrinic,ZZ,AS329584,
afrinic,ZZ,AS329585,
afrinic,ZZ,AS329586,
afrinic,ZZ,AS329587,
afrinic,ZZ,AS329588,
afrinic,ZZ,AS329589,
afrinic,ZZ,AS329590,
afrinic,ZZ,AS329591,
afrinic,ZZ,AS329592,
afrinic,ZZ,AS329593,
afrinic,ZZ,AS329594,
afrinic,ZZ,AS329595,
afrinic,ZZ,AS329596,
afrinic,ZZ,AS329597,
afrinic,ZZ,AS329598,
afrinic,ZZ,AS329599,
afrinic,ZZ,AS329600,
afrinic,ZZ,AS329601,
afrinic,ZZ,AS329602,
afrinic,ZZ,AS329603,
afrinic,ZZ,AS329604,
afrinic,ZZ,AS329605,
afrinic,ZZ,AS329606,
afrinic,ZZ,AS329607,
afrinic,ZZ,AS329608,
afrinic,ZZ,AS329609,
afrinic,ZZ,AS329610,
afrinic,ZZ,AS329611,
afrinic,ZZ,AS329612,
afrinic,ZZ,AS329613,
afrinic,ZZ,AS329614,
afrinic,ZZ,AS329615,
afrinic,ZZ,AS329616,
afrinic,ZZ,AS329617,
afrinic,ZZ,AS329618,
afrinic,ZZ,AS329619,
afrinic,ZZ,AS329620,
afrinic,ZZ,AS329621,
afrinic,ZZ,AS329622,
afrinic,ZZ,AS329623,
afrinic,ZZ,AS329624,
afrinic,ZZ,AS329625,
afrinic,ZZ,AS329626,
afrinic,ZZ,AS329627,
afrinic,ZZ,AS329628,
afrinic,ZZ,AS329629,
afrinic,ZZ,AS329630,
afrinic,ZZ,AS329631,
afrinic,ZZ,AS329632,
afrinic,ZZ,AS329633,
afrinic,ZZ,AS329634,
afrinic,ZZ,AS329635,
afrinic,ZZ,AS329636,
afrinic,ZZ,AS329637,
afrinic,ZZ,AS329638,
afrinic,ZZ,AS329639,
afrinic,ZZ,AS329640,
afrinic,ZZ,AS329641,
afrinic,ZZ,AS329642,
afrinic,ZZ,AS329643,
afrinic,ZZ,AS329644,
afrinic,ZZ,AS329645,
afrinic,ZZ,AS329646,
afrinic,ZZ,AS329647,
afrinic,ZZ,AS329648,
afrinic,ZZ,AS329649,
afrinic,ZZ,AS329650,
afrinic,ZZ,AS329651,
afrinic,ZZ,AS329652,
afrinic,ZZ,AS329653,
afrinic,ZZ,AS329654,
afrinic,ZZ,AS329655,
afrinic,ZZ,AS329656,
afrinic,ZZ,AS329657,
afrinic,ZZ,AS329658,
afrinic,ZZ,AS329659,
afrinic,ZZ,AS329660,
afrinic,ZZ,AS329661,
afrinic,ZZ,AS329662,
afrinic,ZZ,AS329663,
afrinic,ZZ,AS329664,
afrinic,ZZ,AS329665,
afrinic,ZZ,AS329666,
afrinic,ZZ,AS329667,
afrinic,ZZ,AS329668,
afrinic,ZZ,AS329669,
afrinic,ZZ,AS329670,
afrinic,ZZ,AS329671,
afrinic,ZZ,AS329672,
afrinic,ZZ,AS329673,
afrinic,ZZ,AS329674,
afrinic,ZZ,AS329675,
afrinic,ZZ,AS329676,
afrinic,ZZ,AS329677,
afrinic,ZZ,AS329678,
afrinic,ZZ,AS329679,
afrinic,ZZ,AS329680,
afrinic,ZZ,AS329681,
afrinic,ZZ,AS329682,
afrinic,ZZ,AS329683,
afrinic,ZZ,AS329684,
afrinic,ZZ,AS329685,
afrinic,ZZ,AS329686,
afrinic,ZZ,AS329687,
afrinic,ZZ,AS329688,
afrinic,ZZ,AS329689,
afrinic,ZZ,AS329690,
afrinic,ZZ,AS329691,
afrinic,ZZ,AS329692,
afrinic,ZZ,AS329693,
afrinic,ZZ,AS329694,
afrinic,ZZ,AS329695,
afrinic,ZZ,AS329696,
afrinic,ZZ,AS329697,
afrinic,ZZ,AS329698,
afrinic,ZZ,AS329699,
afrinic,ZZ,AS329700,
afrinic,ZZ,AS329701,
afrinic,ZZ,AS329702,
afrinic,ZZ,AS329703,
afrinic,ZZ,AS329704,
afrinic,ZZ,AS329705,
afrinic,ZZ,AS329706,
afrinic,ZZ,AS329707,
afrinic,ZZ,AS329708,
afrinic,ZZ,AS329709,
afrinic,ZZ,AS329710,
afrinic,ZZ,AS329711,
afrinic,ZZ,AS329712,
afrinic,ZZ,AS329713,
afrinic,ZZ,AS329714,
afrinic,ZZ,AS329715,
afrinic,ZZ,AS329716,
afrinic,ZZ,AS329717,
afrinic,ZZ,AS329718,
afrinic,ZZ,AS329719,
afrinic,ZZ,AS329720,
afrinic,ZZ,AS329721,
afrinic,ZZ,AS329722,
afrinic,ZZ,AS329723,
afrinic,ZZ,AS329724,
afrinic,ZZ,AS329725,
afrinic,ZZ,AS329726,
afrinic,ZZ,AS329727,
